Handle,Title,Body (HTML),Vendor,Type,Tags,Published,Option1 Name,Option1 Value,Variant SKU,Variant Grams,Variant Inventory Tracker,Variant Inventory Qty,Variant Inventory Policy,Variant Fulfillment Service,Variant Price,Variant Requires Shipping,Image Src,Image Alt Text,Status
classic-handcrafted-leather-wallet-with-id-window-mkz-732505,Classic Handcrafted Leather Wallet with ID Window,"<p>A premium travel wallet crafted from high-quality vintage grain leather, featuring a rich tan finish that develops a unique patina over time for a timeless look. Perfect for keeping your essentials organized in style.  Key Features:  Genuine vintage grain leather with classic tan finish  Multiple card slots and compartments for organized storage  Spacious design for cash, passport, and mobile  Dur</p><ul><li>Material: PU Leather</li><li>Pattern: Plain</li><li>Gender: Men's</li><li>Product Feature: 6 Layers, Card Pockets</li><li>Number Of Pieces: 1 Pc</li><li>Color: Brown</li><li>Note: There might be slight color differences as a result of varying lighting and monitor effects.</li><li>Product Code: MZ2335200012PRPT</li></ul><p>Delivered across Pakistan with cash on delivery.</p><p><a href=""https://www.markaz.app/shop/product/classic-handcrafted-leather-wallet-with-id-window/732505?ref=mkzx-d071d315-8f19-53d4-9d7d-9c3ca5a8fdb8"">View this product on Markaz</a></p>",,Card Holder,"Fashion Accessories, Men’s Wallets",FALSE,color,Brown,MKZ-732505-732505001,0,,,continue,manual,533,TRUE,https://www.markaz.app/api/export/image/2335-147-732505-product-1.webp?src=https%3A%2F%2Fstatic.markaz.app%2Fpakistan%2Fproducts%2F2335-147-732505-product-1.webp,Classic Handcrafted Leather Wallet with ID Window,draft
classic-handcrafted-leather-wallet-with-id-window-mkz-732505,,,,,,,,,,,,,,,,,https://www.markaz.app/api/export/image/2335-147-732505-product-2.webp?src=https%3A%2F%2Fstatic.markaz.app%2Fpakistan%2Fproducts%2F2335-147-732505-product-2.webp,Classic Handcrafted Leather Wallet with ID Window,
classic-handcrafted-leather-wallet-with-id-window-mkz-732505,,,,,,,,,,,,,,,,,https://www.markaz.app/api/export/image/2335-147-732505-product-3.webp?src=https%3A%2F%2Fstatic.markaz.app%2Fpakistan%2Fproducts%2F2335-147-732505-product-3.webp,Classic Handcrafted Leather Wallet with ID Window,
classic-handcrafted-leather-wallet-with-id-window-mkz-732505,,,,,,,,,,,,,,,,,https://www.markaz.app/api/export/image/2335-147-732505-product-4.webp?src=https%3A%2F%2Fstatic.markaz.app%2Fpakistan%2Fproducts%2F2335-147-732505-product-4.webp,Classic Handcrafted Leather Wallet with ID Window,
premium-vintage-leather-card-holder-wallet-compact-stylish-mkz-732506,Premium Vintage Leather Card Holder Wallet – Compact & Stylish,"<p>Upgrade your everyday carry with this elegant and compact leather card holder. Crafted from high-quality textured leather, this wallet combines durability with a timeless vintage look.  Key Features:  Premium leather material with a classic finish Slim and lightweight design – easy to carry in pocket Secure snap button closure Multiple card slots for organized storage Perfect for credit cards, deb</p><ul><li>Material: PU Leather</li><li>Pattern: Plain</li><li>Gender: Men's</li><li>Product Feature: 6 Layers, Card Pockets</li><li>Number Of Pieces: 1 Pc</li><li>Color: Brown</li><li>Note: There might be slight color differences as a result of varying lighting and monitor effects.</li><li>Product Code: MZ2335200013PRPT</li></ul><p>Delivered across Pakistan with cash on delivery.</p><p><a href=""https://www.markaz.app/shop/product/premium-vintage-leather-card-holder-wallet-compact-stylish/732506?ref=mkzx-d071d315-8f19-53d4-9d7d-9c3ca5a8fdb8"">View this product on Markaz</a></p>",,Card Holder,"Fashion Accessories, Men’s Wallets",FALSE,color,Brown,MKZ-732506-732506001,0,,,continue,manual,533,TRUE,https://www.markaz.app/api/export/image/2335-147-732506-product-1.webp?src=https%3A%2F%2Fstatic.markaz.app%2Fpakistan%2Fproducts%2F2335-147-732506-product-1.webp,Premium Vintage Leather Card Holder Wallet – Compact & Stylish,draft
premium-vintage-leather-card-holder-wallet-compact-stylish-mkz-732506,,,,,,,,,,,,,,,,,https://www.markaz.app/api/export/image/2335-147-732506-product-2.webp?src=https%3A%2F%2Fstatic.markaz.app%2Fpakistan%2Fproducts%2F2335-147-732506-product-2.webp,Premium Vintage Leather Card Holder Wallet – Compact & Stylish,
premium-vintage-leather-card-holder-wallet-compact-stylish-mkz-732506,,,,,,,,,,,,,,,,,https://www.markaz.app/api/export/image/2335-147-732506-product-3.webp?src=https%3A%2F%2Fstatic.markaz.app%2Fpakistan%2Fproducts%2F2335-147-732506-product-3.webp,Premium Vintage Leather Card Holder Wallet – Compact & Stylish,
mens-imported-quality-watch-mkz-753116,Men's Imported Quality Watch,"<ul><li>Material: PU Leather</li><li>Pattern: Plain Strap</li><li>Gender: Men's, Unisex</li><li>Watch Case Shape: Round</li><li>Display Format: 12-Hour Format</li><li>Product Feature: Imported Quality, Reliable Time Accuracy, Comfortable Daily Wear, Modern Stylish Look, Perfect For All Occasions, Clear Dial Display, Lightweight Design, Premium Finish</li><li>Number Of Pieces: 1 Pc</li><li>Color: Black</li><li>Package Includes: 1 x Luxury Watch</li><li>Note: There might be slight color differences as a result of varying lighting and monitor effects.</li><li>Product Code: MZ2335200027PRPT</li></ul><p>Delivered across Pakistan with cash on delivery.</p><p><a href=""https://www.markaz.app/shop/product/mens-imported-quality-watch/753116?ref=mkzx-d071d315-8f19-53d4-9d7d-9c3ca5a8fdb8"">View this product on Markaz</a></p>",,Luxury Watch,"Fashion Accessories, Men’s Watches",FALSE,Color,Black,MKZ-753116-753116001,0,,,continue,manual,1451,TRUE,https://www.markaz.app/api/export/image/2335-132-753116-product-1.webp?src=https%3A%2F%2Fstatic.markaz.app%2Fpakistan%2Fproducts%2F2335-132-753116-product-1.webp,Men's Imported Quality Watch,draft
mens-imported-quality-watch-mkz-753116,,,,,,,,,,,,,,,,,https://www.markaz.app/api/export/image/2335-132-753116-product-2.webp?src=https%3A%2F%2Fstatic.markaz.app%2Fpakistan%2Fproducts%2F2335-132-753116-product-2.webp,Men's Imported Quality Watch,
mens-imported-quality-watch-mkz-753116,,,,,,,,,,,,,,,,,https://www.markaz.app/api/export/image/2335-132-753116-product-3.webp?src=https%3A%2F%2Fstatic.markaz.app%2Fpakistan%2Fproducts%2F2335-132-753116-product-3.webp,Men's Imported Quality Watch,
mens-imported-quality-watch-mkz-753116,,,,,,,,,,,,,,,,,https://www.markaz.app/api/export/image/2335-132-753116-product-4.webp?src=https%3A%2F%2Fstatic.markaz.app%2Fpakistan%2Fproducts%2F2335-132-753116-product-4.webp,Men's Imported Quality Watch,
mens-imported-quality-watch-mkz-753116,,,,,,,,,,,,,,,,,https://www.markaz.app/api/export/image/2335-132-753116-product-5.webp?src=https%3A%2F%2Fstatic.markaz.app%2Fpakistan%2Fproducts%2F2335-132-753116-product-5.webp,Men's Imported Quality Watch,
chic-womens-square-dial-watch-with-chain-strap-mkz-675733,Chic Women's Square Dial Watch with Chain Strap,"<p>This chic women's watch is the perfect blend of elegance and practicality, designed to match your daily style whether you're heading to work or attending a special event. Its durable brass construction ensures long-lasting performance, while the sleek black and silver chain strap adds a touch of sophistication that complements any outfit. The square dial with a modern 12-hour display offers clear, easy-to-read timekeeping without compromising on fashion. Ideal for Pakistani women who value both style and substance, this watch is a smart investment for your wardrobe.</p><p>The watch’s stylish design is inspired by luxury brands, making it a standout accessory for casual office wear or glamorous parties. Its lightweight and comfortable fit ensures all-day wear without discomfort. The durable materials and precise craftsmanship make it resistant to everyday wear and tear. The elegant chain strap is not only fashionable but also secure, preventing accidental slips. The compact size and minimalist design make it easy to pair with any outfit, from jeans to evening gowns.</p><p>- Premium Quality brass construction for durability</p><p>- Stylish black and silver chain strap for a chic look</p><p>- Modern square dial with clear 12-hour display</p><p>- Perfect for casual office and party wear</p><p>- Lightweight and comfortable for all-day wear</p><p>- New Arrival with best price in Pakistan</p><ul><li>Material: Brass</li><li>Pattern: Chain Strap</li><li>Gender: Women's</li><li>Watch Case Shape: Square</li><li>Display Format: 12-Hour Format</li><li>Product Feature: Fashion Forward Design Inspired By Luxury Brands, Perfect For Casual Office And Party Wear</li><li>Width: Inches</li><li>Number Of Pieces: 1 Pc</li><li>Color: Black, Silver, Rose Gold, Golden</li><li>Package Includes: 1 x Analogue Watch</li><li>Dial Diameter: 18 mm</li><li>Length: 12 Inches</li><li>Height: .03 Inches</li><li>Pack Of Pack Of 1</li><li>Note: There might be slight color differences as a result of varying lighting and monitor effects.</li><li>Product Code: MZ1936200007RAWS</li></ul><p>Delivered across Pakistan with cash on delivery.</p><p><a href=""https://www.markaz.app/shop/product/chic-womens-square-dial-watch-with-chain-strap/675733?ref=mkzx-d071d315-8f19-53d4-9d7d-9c3ca5a8fdb8"">View this product on Markaz</a></p>",,Analogue Watch,"Fashion Accessories, Women's Watches",FALSE,Size,Standard Size,MKZ-675733-675733001,0,,,continue,manual,3081,TRUE,https://www.markaz.app/api/export/image/1936-133-675733-product-1.webp?src=https%3A%2F%2Fstatic.markaz.app%2Fpakistan%2Fproducts%2F1936-133-675733-product-1.webp,Chic Women's Square Dial Watch with Chain Strap,draft
chic-womens-square-dial-watch-with-chain-strap-mkz-675733,,,,,,,,,,,,,,,,,https://www.markaz.app/api/export/image/1936-133-675733-product-2.webp?src=https%3A%2F%2Fstatic.markaz.app%2Fpakistan%2Fproducts%2F1936-133-675733-product-2.webp,Chic Women's Square Dial Watch with Chain Strap,
chic-womens-square-dial-watch-with-chain-strap-mkz-675733,,,,,,,,,,,,,,,,,https://www.markaz.app/api/export/image/1936-133-675733-product-3.webp?src=https%3A%2F%2Fstatic.markaz.app%2Fpakistan%2Fproducts%2F1936-133-675733-product-3.webp,Chic Women's Square Dial Watch with Chain Strap,
chic-womens-square-dial-watch-with-chain-strap-mkz-675733,,,,,,,,,,,,,,,,,https://www.markaz.app/api/export/image/1936-133-675733-product-4.webp?src=https%3A%2F%2Fstatic.markaz.app%2Fpakistan%2Fproducts%2F1936-133-675733-product-4.webp,Chic Women's Square Dial Watch with Chain Strap,
chic-womens-square-dial-watch-with-chain-strap-mkz-675733,,,,,,,,,,,,,,,,,https://www.markaz.app/api/export/image/1936-133-675733-product-5.webp?src=https%3A%2F%2Fstatic.markaz.app%2Fpakistan%2Fproducts%2F1936-133-675733-product-5.webp,Chic Women's Square Dial Watch with Chain Strap,
chic-womens-square-dial-watch-with-chain-strap-mkz-675733,,,,,,,,,,,,,,,,,https://www.markaz.app/api/export/image/1936-133-675733-product-6.webp?src=https%3A%2F%2Fstatic.markaz.app%2Fpakistan%2Fproducts%2F1936-133-675733-product-6.webp,Chic Women's Square Dial Watch with Chain Strap,
black-leather-strap-analogue-watch-for-men-women-mkz-677872,Black Leather Strap Analogue Watch for Men Women,"<p>Looking for a watch that blends elegance with everyday practicality? This unisex watch is perfect for Pakistani professionals, students, and fashion lovers who want something stylish without breaking the bank. Its sleek black leather strap and minimalist round face make it ideal for both office wear and casual outings, while the lightweight design ensures all-day comfort.</p><p>Crafted with durable materials, this watch is built to withstand daily wear and tear. The textured leather strap adds a touch of sophistication while remaining soft against your skin. The 12-hour analog display is easy to read, even in bright sunlight or dim lighting. Whether you’re commuting, attending meetings, or enjoying a coffee break, this watch keeps you on time with effortless style.</p><p>- Imported quality for long-lasting performance</p><p>- Stylish black leather strap with textured finish</p><p>- Lightweight and comfortable for daily wear</p><p>- Classic round dial with clear 12-hour format</p><p>- Durable construction suitable for all seasons</p><p>- Best price in Pakistan for premium value</p><p>New Arrival. Perfect for weddings, offices, or any occasion where you want to look sharp without spending a fortune.</p><ul><li>Material: Leather</li><li>Pattern: Textured Strap</li><li>Gender: Unisex</li><li>Watch Case Shape: Round</li><li>Display Format: 12-Hour Format</li><li>Product Feature: Imported Quality, Value For Money, Lightweight Design, Comfortable Daily Wear</li><li>Width: Inches</li><li>Number Of Pieces: 1 Pc</li><li>Color: Black</li><li>Package Includes: 1 x Analogue Watch</li><li>Dial Diameter: 20 mm</li><li>Length: 12 Inches</li><li>Height: 0.3 Inches</li><li>Note: There might be slight color differences as a result of varying lighting and monitor effects.</li><li>Product Code: MZ1936200010RAWS</li></ul><p>Delivered across Pakistan with cash on delivery.</p><p><a href=""https://www.markaz.app/shop/product/black-leather-strap-analogue-watch-for-men-women/677872?ref=mkzx-d071d315-8f19-53d4-9d7d-9c3ca5a8fdb8"">View this product on Markaz</a></p>",,Analogue Watch,"Fashion Accessories, Men’s Watches",FALSE,Color,Black,MKZ-677872-677872001,0,,,continue,manual,1588,TRUE,https://www.markaz.app/api/export/image/1936-132-677872-product-1.webp?src=https%3A%2F%2Fstatic.markaz.app%2Fpakistan%2Fproducts%2F1936-132-677872-product-1.webp,Black Leather Strap Analogue Watch for Men Women,draft
black-leather-strap-analogue-watch-for-men-women-mkz-677872,,,,,,,,,,,,,,,,,https://www.markaz.app/api/export/image/1936-132-677872-product-2.webp?src=https%3A%2F%2Fstatic.markaz.app%2Fpakistan%2Fproducts%2F1936-132-677872-product-2.webp,Black Leather Strap Analogue Watch for Men Women,
black-leather-strap-analogue-watch-for-men-women-mkz-677872,,,,,,,,,,,,,,,,,https://www.markaz.app/api/export/image/1936-132-677872-product-1-withcode.webp?src=https%3A%2F%2Fstatic.markaz.app%2Fpakistan%2Fproducts%2F1936-132-677872-product-1-withcode.webp,Black Leather Strap Analogue Watch for Men Women,
mens-stainless-steel-watch-rose-gold-dial-24mm-mkz-688911,Men's Stainless Steel Watch Rose Gold Dial 24mm,"<p>Looking for a watch that blends elegance with everyday durability? This imported men’s watch is crafted for Pakistani men who demand style without compromise. Perfect for office wear, casual outings, or special occasions, its sleek silver and rose gold finish complements any outfit. Designed for local weather and daily use, it’s built to last with premium steel construction and a clear, easy-to-read dial.</p><p>The watch features a classic round case with a 24mm dial, offering a balanced look that suits all ages. Its chain strap design adds a touch of sophistication while remaining comfortable for long wear. The 12-hour analog display ensures clarity and simplicity, making it ideal for busy professionals or students. With imported quality and value for money, you’re getting a stylish accessory that won’t break the bank.</p><p>- Premium steel construction for long-lasting durability</p><p>- Stylish chain strap in silver or rose gold finish</p><p>- Clear 24mm dial for easy time reading</p><p>- Imported quality with value for money</p><p>- Perfect for all seasons and daily use</p><p>- New arrival with modern, classic design</p><ul><li>Material: Steel</li><li>Pattern: Chain Strap</li><li>Gender: Men's</li><li>Watch Case Shape: Round</li><li>Display Format: 12-Hour Format</li><li>Product Feature: Imported Quality, Value For Money, Clear Dial Display</li><li>Width: Inches</li><li>Number Of Pieces: 1 Pc</li><li>Color: Silver, Rose Gold</li><li>Package Includes: 1 x Analogue Watch</li><li>Dial Diameter: 24 mm</li><li>Length: 12 Inches</li><li>Height: .03 Cm</li><li>Note: There might be slight color differences as a result of varying lighting and monitor effects.</li><li>Product Code: MZ1936200022RAWS</li></ul><p>Delivered across Pakistan with cash on delivery.</p><p><a href=""https://www.markaz.app/shop/product/mens-stainless-steel-watch-rose-gold-dial-24mm/688911?ref=mkzx-d071d315-8f19-53d4-9d7d-9c3ca5a8fdb8"">View this product on Markaz</a></p>",,Chain Watch,"Fashion Accessories, Men’s Watches",FALSE,Color,Silver,MKZ-688911-688911001,0,,,continue,manual,2232,TRUE,https://www.markaz.app/api/export/image/1936-132-688911-product-1.webp?src=https%3A%2F%2Fstatic.markaz.app%2Fpakistan%2Fproducts%2F1936-132-688911-product-1.webp,Men's Stainless Steel Watch Rose Gold Dial 24mm,draft
mens-stainless-steel-watch-rose-gold-dial-24mm-mkz-688911,,,,,,,,,,,,,,,,,https://www.markaz.app/api/export/image/1936-132-688911-product-2.webp?src=https%3A%2F%2Fstatic.markaz.app%2Fpakistan%2Fproducts%2F1936-132-688911-product-2.webp,Men's Stainless Steel Watch Rose Gold Dial 24mm,
mens-stainless-steel-watch-rose-gold-dial-24mm-mkz-688911,,,,,,,,,,,,,,,,,https://www.markaz.app/api/export/image/1936-132-688911-product-3.webp?src=https%3A%2F%2Fstatic.markaz.app%2Fpakistan%2Fproducts%2F1936-132-688911-product-3.webp,Men's Stainless Steel Watch Rose Gold Dial 24mm,
mens-stainless-steel-watch-rose-gold-dial-24mm-mkz-688911,,,,,,,,,,,,,,,,,https://www.markaz.app/api/export/image/1936-132-688911-product-4.webp?src=https%3A%2F%2Fstatic.markaz.app%2Fpakistan%2Fproducts%2F1936-132-688911-product-4.webp,Men's Stainless Steel Watch Rose Gold Dial 24mm,
mens-stainless-steel-watch-rose-gold-dial-24mm-mkz-688911,,,,,,,,,,,,,,,,,https://www.markaz.app/api/export/image/1936-132-688911-product-5.webp?src=https%3A%2F%2Fstatic.markaz.app%2Fpakistan%2Fproducts%2F1936-132-688911-product-5.webp,Men's Stainless Steel Watch Rose Gold Dial 24mm,
mens-stainless-steel-watch-rose-gold-dial-24mm-mkz-688911,,,,,,,,,,,,,,,,,https://www.markaz.app/api/export/image/1936-132-688911-product-6.webp?src=https%3A%2F%2Fstatic.markaz.app%2Fpakistan%2Fproducts%2F1936-132-688911-product-6.webp,Men's Stainless Steel Watch Rose Gold Dial 24mm,
mens-stainless-steel-watch-rose-gold-dial-24mm-mkz-688911,,,,,,,,,,,,,,,,,https://www.markaz.app/api/export/image/1936-132-688911-product-7.webp?src=https%3A%2F%2Fstatic.markaz.app%2Fpakistan%2Fproducts%2F1936-132-688911-product-7.webp,Men's Stainless Steel Watch Rose Gold Dial 24mm,
mens-black-dial-leather-strap-watch-with-12-hour-display-mkz-686470,Men's Black Dial Leather Strap Watch with 12-Hour Display,"<p>Looking for a watch that blends style with smart value? This imported men’s watch is crafted for the modern Pakistani man who demands durability without sacrificing elegance. Perfect for daily wear, office meetings, or casual outings, its sleek black dial and tan leather strap offer timeless appeal. The lightweight design ensures all-day comfort, while the durable construction stands up to the rigors of everyday life.</p><p>This watch is built to last with a premium-quality palladium case and a comfortable, breathable leather strap that ages beautifully. The 12-hour analog display is easy to read, even in bright sunlight or dim lighting. Its long battery life means you won’t have to worry about frequent replacements. Whether you’re commuting, attending a family event, or simply enjoying a weekend stroll, this watch is your reliable companion.</p><p>- Imported Quality for superior craftsmanship</p><p>- Stylish black dial with bold white hands</p><p>- Durable tan leather strap with embossed logo</p><p>- Lightweight and comfortable for all-day wear</p><p>- Long battery life for hassle-free use</p><p>- New Arrival – best price in Pakistan</p><ul><li>Material: Palladium</li><li>Pattern: Plain Strap</li><li>Gender: Men's</li><li>Watch Case Shape: Round</li><li>Display Format: 12-Hour Format</li><li>Product Feature: Imported Quality, Value For Money, Comfort Fit Strap, Lightweight Design, Long Battery Life</li><li>Width: Inches</li><li>Number Of Pieces: 1 Pc</li><li>Color: Black</li><li>Package Includes: 1 x Analogue Watch</li><li>Dial Diameter: 20 mm</li><li>Length: 12 Inches</li><li>Height: .03 Inches</li><li>Note: There might be slight color differences as a result of varying lighting and monitor effects.</li><li>Product Code: MZ1936200017RAWS</li></ul><p>Delivered across Pakistan with cash on delivery.</p><p><a href=""https://www.markaz.app/shop/product/mens-black-dial-leather-strap-watch-with-12-hour-display/686470?ref=mkzx-d071d315-8f19-53d4-9d7d-9c3ca5a8fdb8"">View this product on Markaz</a></p>",,Analogue Watch,"Fashion Accessories, Men’s Watches",FALSE,Size,20 mm,MKZ-686470-686470001,0,,,continue,manual,1588,TRUE,https://www.markaz.app/api/export/image/1936-132-686470-product-1.webp?src=https%3A%2F%2Fstatic.markaz.app%2Fpakistan%2Fproducts%2F1936-132-686470-product-1.webp,Men's Black Dial Leather Strap Watch with 12-Hour Display,draft
mens-black-dial-leather-strap-watch-with-12-hour-display-mkz-686470,,,,,,,,,,,,,,,,,https://www.markaz.app/api/export/image/1936-132-686470-product-2.webp?src=https%3A%2F%2Fstatic.markaz.app%2Fpakistan%2Fproducts%2F1936-132-686470-product-2.webp,Men's Black Dial Leather Strap Watch with 12-Hour Display,
mens-black-dial-leather-strap-watch-with-12-hour-display-mkz-686470,,,,,,,,,,,,,,,,,https://www.markaz.app/api/export/image/1936-132-686470-product-1-withcode.webp?src=https%3A%2F%2Fstatic.markaz.app%2Fpakistan%2Fproducts%2F1936-132-686470-product-1-withcode.webp,Men's Black Dial Leather Strap Watch with 12-Hour Display,
mens-stainless-steel-chronograph-watch-black-dial-22mm-mkz-716688,Men's Stainless Steel Chronograph Watch Black Dial 22mm,"<p>This sleek men's watch is crafted for the modern Pakistani gentleman who values both style and function. Its durable stainless steel construction ensures it withstands daily wear and tear, while the elegant silver chain strap adds a touch of sophistication to any outfit. Perfect for office, casual outings, or formal events, this timepiece blends timeless design with contemporary appeal.</p><p>The watch features a robust black dial with bold white markers for easy time reading, even in low light. Its 22mm case diameter and 10-inch length make it comfortable for all-day wear without compromising on durability. The stainless steel bracelet is lightweight yet sturdy, offering a secure fit that resists scratches and tarnish. Designed for reliable time accuracy, this watch is built to last through the rigors of daily life.</p><p>- Premium Quality stainless steel construction for long-lasting durability</p><p>- Stylish silver chain strap that complements any outfit</p><p>- 12-hour analog display with clear white markers</p><p>- Lightweight and comfortable for daily wear</p><p>- Durable design suitable for both office and casual settings</p><p>- New Arrival with best price in Pakistan for exceptional value</p><ul><li>Material: Steel</li><li>Pattern: Chain Strap</li><li>Gender: Men's</li><li>Watch Case Shape: Round</li><li>Display Format: 12-Hour Format</li><li>Product Feature: Imported Quality, Reliable Time Accuracy, Comfortable Daily Wear</li><li>Width: Inches</li><li>Number Of Pieces: 1 Pc</li><li>Color: Silver</li><li>Package Includes: 1 x Analogue Watch</li><li>Dial Diameter: 22 mm</li><li>Length: 10 Inches</li><li>Height: 0.3 Inches</li><li>Note: There might be slight color differences as a result of varying lighting and monitor effects.</li><li>Product Code: MZ1936200040RAWS</li></ul><p>Delivered across Pakistan with cash on delivery.</p><p><a href=""https://www.markaz.app/shop/product/mens-stainless-steel-chronograph-watch-black-dial-22mm/716688?ref=mkzx-d071d315-8f19-53d4-9d7d-9c3ca5a8fdb8"">View this product on Markaz</a></p>",,Chain Watch,"Fashion Accessories, Men’s Watches",FALSE,Color,Silver,MKZ-716688-716688001,0,,,continue,manual,1992,TRUE,https://www.markaz.app/api/export/image/1936-132-716553-product-1.webp?src=https%3A%2F%2Fstatic.markaz.app%2Fpakistan%2Fproducts%2F1936-132-716553-product-1.webp,Men's Stainless Steel Chronograph Watch Black Dial 22mm,draft
mens-stainless-steel-chronograph-watch-black-dial-22mm-mkz-716688,,,,,,,,,,,,,,,,,https://www.markaz.app/api/export/image/4b074f8a-278c-4f74-af2a-f5b5d8fe252a.webp?src=https%3A%2F%2Fstatic.markaz.app%2Fpakistan%2Fproducts%2F4b074f8a-278c-4f74-af2a-f5b5d8fe252a.webp,Men's Stainless Steel Chronograph Watch Black Dial 22mm,
womens-rose-gold-crystal-watch-with-3-sub-dials-mkz-698185,Women's Rose Gold Crystal Watch with 3 Sub-Dials,"<p>This elegant women’s watch is the perfect blend of luxury and practicality, designed to match your vibrant Pakistani lifestyle. Its rose gold finish and sparkling crystal bezel make it ideal for weddings, office wear, or evening outings, while the lightweight brass construction ensures all-day comfort without compromising on durability. Whether you’re dressing for a formal event or a casual stroll, this watch adds a touch of sophistication to any ensemble.</p><p>Crafted with attention to detail, the watch features a chic round dial with a 12-hour format and three sub-dials for added functionality. The chain-style bracelet is both stylish and secure, offering a premium feel that complements your outfit. Its water-resistant design makes it suitable for daily use, including light rain or splashes. The slim profile and comfortable fit ensure it stays secure on your wrist, even during busy days.</p><p>- Premium Quality brass construction for long-lasting durability</p><p>- Stylish rose gold finish with sparkling crystal accents</p><p>- Lightweight and comfortable for all-day wear</p><p>- Elegant chain strap design that upgrades any outfit</p><p>- Water-resistant for everyday practicality</p><p>- New Arrival – best price in Pakistan for this chic design</p><ul><li>Material: Brass</li><li>Pattern: Chain Strap</li><li>Gender: Women's</li><li>Watch Case Shape: Round</li><li>Display Format: 12-Hour Format</li><li>Product Feature: Chic Everyday Design That Upgrades Any Outfit, Elegant Bracelet Strap For A Premium Feel, Lightweight And Comfortable For All Day Wear</li><li>Width: Inches</li><li>Number Of Pieces: 1 Pc</li><li>Color: Rose Gold</li><li>Package Includes: 1 x Analogue Watch</li><li>Dial Diameter: 20 mm</li><li>Length: 10 Inches</li><li>Height: .03 Inches</li><li>Pack Of Pack Of 999</li><li>Note: There might be slight color differences as a result of varying lighting and monitor effects.</li><li>Product Code: MZ1936200033RAWS</li></ul><p>Delivered across Pakistan with cash on delivery.</p><p><a href=""https://www.markaz.app/shop/product/womens-rose-gold-crystal-watch-with-3-sub-dials/698185?ref=mkzx-d071d315-8f19-53d4-9d7d-9c3ca5a8fdb8"">View this product on Markaz</a></p>",,Analogue Watch,"Fashion Accessories, Women's Watches",FALSE,Color,Rose Gold,MKZ-698185-698185001,0,,,continue,manual,1781,TRUE,https://www.markaz.app/api/export/image/1936-133-698185-product-1.webp?src=https%3A%2F%2Fstatic.markaz.app%2Fpakistan%2Fproducts%2F1936-133-698185-product-1.webp,Women's Rose Gold Crystal Watch with 3 Sub-Dials,draft
womens-rose-gold-crystal-watch-with-3-sub-dials-mkz-698185,,,,,,,,,,,,,,,,,https://www.markaz.app/api/export/image/1936-133-698185-product-1-withcode.webp?src=https%3A%2F%2Fstatic.markaz.app%2Fpakistan%2Fproducts%2F1936-133-698185-product-1-withcode.webp,Women's Rose Gold Crystal Watch with 3 Sub-Dials,
mens-stainless-steel-quartz-watch-24mm-multicolor-strap-mkz-717777,Men's Stainless Steel Quartz Watch 24mm Multicolor Strap,"<p>This sleek men's watch is crafted for the modern Pakistani gentleman who values both style and substance. Its durable steel chain strap ensures comfort all day long, while the round 24mm dial offers a sophisticated look perfect for office, casual outings, or formal events. Designed with premium quality materials, it’s built to withstand daily wear and tear without losing its elegant appeal.</p><p>The watch features a stylish black dial with gold-tone accents and a clear quartz movement for precise timekeeping. Its lightweight design and modern aesthetic make it ideal for those seeking a durable yet fashionable accessory. Whether you’re commuting, attending meetings, or enjoying a weekend brunch, this watch adds a touch of class to any outfit. The stainless steel construction ensures long-lasting performance and a polished finish that complements any ensemble.</p><p>- Premium Quality Stainless Steel Construction</p><p>- Stylish Black Dial with Gold-Tone Accents</p><p>- Comfortable Stainless Steel Chain Strap</p><p>- 24mm Round Dial for Modern Appeal</p><p>- Durable Design for Daily Wear</p><p>- New Arrival with Best Price in Pakistan</p><ul><li>Material: Steel</li><li>Pattern: Chain Strap</li><li>Gender: Men's</li><li>Watch Case Shape: Round</li><li>Display Format: 12-Hour Format</li><li>Product Feature: Imported Quality, Comfortable Daily Wear, Modern Stylish Look, Value For Money</li><li>Width: Inches</li><li>Number Of Pieces: 1 Pc</li><li>Color: Multicolor</li><li>Package Includes: 1 x Analogue Watch</li><li>Dial Diameter: 24 mm</li><li>Length: 10 Inches</li><li>Height: .03 Inches</li><li>Note: There might be slight color differences as a result of varying lighting and monitor effects.</li><li>Product Code: MZ1936200043RAWS</li></ul><p>Delivered across Pakistan with cash on delivery.</p><p><a href=""https://www.markaz.app/shop/product/mens-stainless-steel-quartz-watch-24mm-multicolor-strap/717777?ref=mkzx-d071d315-8f19-53d4-9d7d-9c3ca5a8fdb8"">View this product on Markaz</a></p>",,Chain Watch,"Fashion Accessories, Men’s Watches",FALSE,Color,Multicolor,MKZ-717777-717777001,0,,,continue,manual,3643,TRUE,https://www.markaz.app/api/export/image/1936-132-716689-product-2.webp?src=https%3A%2F%2Fstatic.markaz.app%2Fpakistan%2Fproducts%2F1936-132-716689-product-2.webp,Men's Stainless Steel Quartz Watch 24mm Multicolor Strap,draft
mens-stainless-steel-quartz-watch-24mm-multicolor-strap-mkz-717777,,,,,,,,,,,,,,,,,https://www.markaz.app/api/export/image/1936-132-716689-product-3.webp?src=https%3A%2F%2Fstatic.markaz.app%2Fpakistan%2Fproducts%2F1936-132-716689-product-3.webp,Men's Stainless Steel Quartz Watch 24mm Multicolor Strap,
mens-stainless-steel-quartz-watch-24mm-multicolor-strap-mkz-717777,,,,,,,,,,,,,,,,,https://www.markaz.app/api/export/image/1936-132-716689-product-1-withcode.webp?src=https%3A%2F%2Fstatic.markaz.app%2Fpakistan%2Fproducts%2F1936-132-716689-product-1-withcode.webp,Men's Stainless Steel Quartz Watch 24mm Multicolor Strap,
mens-stainless-steel-quartz-watch-24mm-multicolor-strap-mkz-717777,,,,,,,,,,,,,,,,,https://www.markaz.app/api/export/image/9e4a01df-1e43-4bf7-adf9-fff0ebacd7b8.webp?src=https%3A%2F%2Fstatic.markaz.app%2Fpakistan%2Fproducts%2F9e4a01df-1e43-4bf7-adf9-fff0ebacd7b8.webp,Men's Stainless Steel Quartz Watch 24mm Multicolor Strap,
mens-stainless-steel-quartz-watch-24mm-multicolor-strap-mkz-717777,,,,,,,,,,,,,,,,,https://www.markaz.app/api/export/image/0d3f5d2d-1f30-47f3-aa99-4baad91597d8.webp?src=https%3A%2F%2Fstatic.markaz.app%2Fpakistan%2Fproducts%2F0d3f5d2d-1f30-47f3-aa99-4baad91597d8.webp,Men's Stainless Steel Quartz Watch 24mm Multicolor Strap,
mens-imported-quality-watch-mkz-754811,Men's Imported Quality Watch,"<ul><li>Material: Brass</li><li>Pattern: Chain Strap</li><li>Gender: Men's</li><li>Watch Case Shape: Round</li><li>Display Format: 12-Hour Format</li><li>Product Feature: Imported Quality, Reliable Time Accuracy, Comfortable Daily Wear, Modern Stylish Look, Value For Money, Perfect For All Occasions</li><li>Width: Inches</li><li>Number Of Pieces: 1 Pc</li><li>Color: Multicolor</li><li>Package Includes: 1 x Analogue Watch</li><li>Dial Diameter: 24 mm</li><li>Length: 10 Inches</li><li>Height: .03 Inches</li><li>With Date Working &amp; Butterfly lock</li><li>Note: There might be slight color differences as a result of varying lighting and monitor effects.</li><li>Product Code: MZ1936200072RAWS</li></ul><p>Delivered across Pakistan with cash on delivery.</p><p><a href=""https://www.markaz.app/shop/product/mens-imported-quality-watch/754811?ref=mkzx-d071d315-8f19-53d4-9d7d-9c3ca5a8fdb8"">View this product on Markaz</a></p>",,Analogue Watch,"Fashion Accessories, Men’s Watches",FALSE,Color,Multicolor,MKZ-754811-754811001,0,,,continue,manual,3232,TRUE,https://www.markaz.app/api/export/image/1936-132-754811-product-1.webp?src=https%3A%2F%2Fstatic.markaz.app%2Fpakistan%2Fproducts%2F1936-132-754811-product-1.webp,Men's Imported Quality Watch,draft
mens-imported-quality-watch-mkz-754811,,,,,,,,,,,,,,,,,https://www.markaz.app/api/export/image/1936-132-754811-product-2.webp?src=https%3A%2F%2Fstatic.markaz.app%2Fpakistan%2Fproducts%2F1936-132-754811-product-2.webp,Men's Imported Quality Watch,
mens-imported-quality-watch-mkz-754811,,,,,,,,,,,,,,,,,https://www.markaz.app/api/export/image/1936-132-754811-product-4.webp?src=https%3A%2F%2Fstatic.markaz.app%2Fpakistan%2Fproducts%2F1936-132-754811-product-4.webp,Men's Imported Quality Watch,
mens-imported-quality-watch-mkz-754811,,,,,,,,,,,,,,,,,https://www.markaz.app/api/export/image/1936-132-754811-product-3.webp?src=https%3A%2F%2Fstatic.markaz.app%2Fpakistan%2Fproducts%2F1936-132-754811-product-3.webp,Men's Imported Quality Watch,
mens-imported-quality-watch-mkz-754811,,,,,,,,,,,,,,,,,https://www.markaz.app/api/export/image/1936-132-754811-product-5.webp?src=https%3A%2F%2Fstatic.markaz.app%2Fpakistan%2Fproducts%2F1936-132-754811-product-5.webp,Men's Imported Quality Watch,
mens-sports-watch-black-blue-water-resistant-24hr-display-mkz-675400,Men's Sports Watch Black Blue Water Resistant 24Hr Display,"<p>This Men's Sports Watch is the ultimate choice for Pakistani men who demand both style and toughness. Designed for the rugged lifestyle, it’s built to handle rain, dust, and daily wear with ease. Its sleek black and blue design makes it perfect for office, gym, or casual outings — a true fashion statement that never goes out of style.</p><p>Crafted with durable plastic, this watch is built to last. The water-resistant feature lets you wear it during monsoon showers or while washing hands without worry. The long battery life means you won’t need to replace the battery for months — saving you money and hassle. The comfortable strap ensures all-day wear without discomfort, making it ideal for busy professionals and active youth alike.</p><p>- Water Resistant for everyday use</p><p>- Long Battery Life for months of reliability</p><p>- Stylish Black &amp; Blue Design for any occasion</p><p>- Durable Plastic Construction for tough conditions</p><p>- 24-Hour Digital Display for clear timekeeping</p><p>- Imported Quality at the Best Price in Pakistan</p><ul><li>Material: Plastic</li><li>Pattern: Plain Strap</li><li>Gender: Men's</li><li>Watch Case Shape: Round</li><li>Display Format: 24-Hour Format</li><li>Product Feature: Water Resistant, Imported Quality, Long Battery Life, Comfortable Daily Wear</li><li>Width: Inches</li><li>Number Of Pieces: 1 Pc</li><li>Color: Black, Blue</li><li>Package Includes: 1 x Sports Watch</li><li>Dial Diameter: 24 mm</li><li>Length: 12 Inches</li><li>Height: 0.3 Inches</li><li>Note: There might be slight color differences as a result of varying lighting and monitor effects.</li><li>Product Code: MZ1936200006RAWS</li></ul><p>Delivered across Pakistan with cash on delivery.</p><p><a href=""https://www.markaz.app/shop/product/mens-sports-watch-black-blue-water-resistant-24hr-display/675400?ref=mkzx-d071d315-8f19-53d4-9d7d-9c3ca5a8fdb8"">View this product on Markaz</a></p>",,Sports Watch,"Fashion Accessories, Men’s Watches",FALSE,Color,Black,MKZ-675400-675400001,0,,,continue,manual,1574,TRUE,https://www.markaz.app/api/export/image/1936-132-675400-product-1.webp?src=https%3A%2F%2Fstatic.markaz.app%2Fpakistan%2Fproducts%2F1936-132-675400-product-1.webp,Men's Sports Watch Black Blue Water Resistant 24Hr Display,draft
mens-sports-watch-black-blue-water-resistant-24hr-display-mkz-675400,,,,,,,,,,,,,,,,,https://www.markaz.app/api/export/image/1936-132-675400-product-2.webp?src=https%3A%2F%2Fstatic.markaz.app%2Fpakistan%2Fproducts%2F1936-132-675400-product-2.webp,Men's Sports Watch Black Blue Water Resistant 24Hr Display,
mens-sports-watch-black-blue-water-resistant-24hr-display-mkz-675400,,,,,,,,,,,,,,,,,https://www.markaz.app/api/export/image/1936-132-675400-product-3.webp?src=https%3A%2F%2Fstatic.markaz.app%2Fpakistan%2Fproducts%2F1936-132-675400-product-3.webp,Men's Sports Watch Black Blue Water Resistant 24Hr Display,
mens-sports-watch-black-blue-water-resistant-24hr-display-mkz-675400,,,,,,,,,,,,,,,,,https://www.markaz.app/api/export/image/1936-132-675400-product-4.webp?src=https%3A%2F%2Fstatic.markaz.app%2Fpakistan%2Fproducts%2F1936-132-675400-product-4.webp,Men's Sports Watch Black Blue Water Resistant 24Hr Display,
mens-sports-watch-black-blue-water-resistant-24hr-display-mkz-675400,,,,,,,,,,,,,,,,,https://www.markaz.app/api/export/image/1936-132-675400-product-1-withcode.webp?src=https%3A%2F%2Fstatic.markaz.app%2Fpakistan%2Fproducts%2F1936-132-675400-product-1-withcode.webp,Men's Sports Watch Black Blue Water Resistant 24Hr Display,
mens-imported-quality-watch-mkz-750325,Men's Imported Quality Watch,"<ul><li>Material: Rubber</li><li>Pattern: Plain Strap</li><li>Gender: Men's</li><li>Display Format: 12-Hour Format</li><li>Product Feature: Imported Quality, Reliable Time Accuracy, Comfortable Daily Wear, Value For Money, Modern Stylish Look</li><li>Width: Inches</li><li>Number Of Pieces: 1 Pc</li><li>Color: Black</li><li>Package Includes: 1 x Analogue Watch</li><li>Dial Diameter: 22 mm</li><li>Length: 10 Inches</li><li>Height: .03 Inches</li><li>Note: There might be slight color differences as a result of varying lighting and monitor effects.</li><li>Product Code: MZ1936200071RAWS</li></ul><p>Delivered across Pakistan with cash on delivery.</p><p><a href=""https://www.markaz.app/shop/product/mens-imported-quality-watch/750325?ref=mkzx-d071d315-8f19-53d4-9d7d-9c3ca5a8fdb8"">View this product on Markaz</a></p>",,Analogue Watch,"Fashion Accessories, Men’s Watches",FALSE,Color,Black,MKZ-750325-750325001,0,,,continue,manual,1451,TRUE,https://www.markaz.app/api/export/image/1936-132-750325-product-1.webp?src=https%3A%2F%2Fstatic.markaz.app%2Fpakistan%2Fproducts%2F1936-132-750325-product-1.webp,Men's Imported Quality Watch,draft
mens-imported-quality-watch-mkz-750325,,,,,,,,,,,,,,,,,https://www.markaz.app/api/export/image/1936-132-750325-product-2.webp?src=https%3A%2F%2Fstatic.markaz.app%2Fpakistan%2Fproducts%2F1936-132-750325-product-2.webp,Men's Imported Quality Watch,
mens-imported-quality-watch-mkz-750325,,,,,,,,,,,,,,,,,https://www.markaz.app/api/export/image/1936-132-750325-product-3.webp?src=https%3A%2F%2Fstatic.markaz.app%2Fpakistan%2Fproducts%2F1936-132-750325-product-3.webp,Men's Imported Quality Watch,
mens-imported-quality-watch-mkz-756861,Men's Imported Quality Watch,"<ul><li>Material: Brass</li><li>Pattern: Chain Strap</li><li>Gender: Men's</li><li>Watch Case Shape: Round</li><li>Display Format: 12-Hour Format</li><li>Product Feature: Imported Quality, Reliable Time Accuracy, Comfortable Daily Wear, Modern Stylish Look, Value For Money</li><li>Width: Inches</li><li>Number Of Pieces: 1 Pc</li><li>Color: Multicolor</li><li>Package Includes: 1 x Chain Watch</li><li>Dial Diameter: 22 mm</li><li>Length: 10 Inches</li><li>Height: .03 Inches</li><li>Note: There might be slight color differences as a result of varying lighting and monitor effects.</li><li>Product Code: MZ1936200078RAWS</li></ul><p>Delivered across Pakistan with cash on delivery.</p><p><a href=""https://www.markaz.app/shop/product/mens-imported-quality-watch/756861?ref=mkzx-d071d315-8f19-53d4-9d7d-9c3ca5a8fdb8"">View this product on Markaz</a></p>",,Chain Watch,"Fashion Accessories, Men’s Watches",FALSE,Color,Multicolor,MKZ-756861-756861001,0,,,continue,manual,1588,TRUE,https://www.markaz.app/api/export/image/1936-132-756843-product-1.webp?src=https%3A%2F%2Fstatic.markaz.app%2Fpakistan%2Fproducts%2F1936-132-756843-product-1.webp,Men's Imported Quality Watch,draft
mens-imported-quality-watch-mkz-756861,,,,,,,,,,,,,,,,,https://www.markaz.app/api/export/image/1936-132-756843-product-2.webp?src=https%3A%2F%2Fstatic.markaz.app%2Fpakistan%2Fproducts%2F1936-132-756843-product-2.webp,Men's Imported Quality Watch,
mens-imported-quality-watch-mkz-756861,,,,,,,,,,,,,,,,,https://www.markaz.app/api/export/image/1936-132-756843-product-3.webp?src=https%3A%2F%2Fstatic.markaz.app%2Fpakistan%2Fproducts%2F1936-132-756843-product-3.webp,Men's Imported Quality Watch,
mens-imported-quality-watch-mkz-756861,,,,,,,,,,,,,,,,,https://www.markaz.app/api/export/image/1936-132-756843-product-4.webp?src=https%3A%2F%2Fstatic.markaz.app%2Fpakistan%2Fproducts%2F1936-132-756843-product-4.webp,Men's Imported Quality Watch,
mens-imported-quality-watch-mkz-756861,,,,,,,,,,,,,,,,,https://www.markaz.app/api/export/image/1936-132-756843-product-5.webp?src=https%3A%2F%2Fstatic.markaz.app%2Fpakistan%2Fproducts%2F1936-132-756843-product-5.webp,Men's Imported Quality Watch,
mens-imported-quality-watch-mkz-756861,,,,,,,,,,,,,,,,,https://www.markaz.app/api/export/image/1936-132-756843-product-6.webp?src=https%3A%2F%2Fstatic.markaz.app%2Fpakistan%2Fproducts%2F1936-132-756843-product-6.webp,Men's Imported Quality Watch,
mens-imported-quality-watch-mkz-756861,,,,,,,,,,,,,,,,,https://www.markaz.app/api/export/image/1936-132-756843-product-7.webp?src=https%3A%2F%2Fstatic.markaz.app%2Fpakistan%2Fproducts%2F1936-132-756843-product-7.webp,Men's Imported Quality Watch,
mens-imported-quality-watch-mkz-756861,,,,,,,,,,,,,,,,,https://www.markaz.app/api/export/image/1936-132-756843-product-8.webp?src=https%3A%2F%2Fstatic.markaz.app%2Fpakistan%2Fproducts%2F1936-132-756843-product-8.webp,Men's Imported Quality Watch,
mens-imported-quality-watch-mkz-756861,,,,,,,,,,,,,,,,,https://www.markaz.app/api/export/image/1936-132-756860-product-9.webp?src=https%3A%2F%2Fstatic.markaz.app%2Fpakistan%2Fproducts%2F1936-132-756860-product-9.webp,Men's Imported Quality Watch,
stainless-steel-chronograph-watch-black-dial-gold-strap-mkz-575042,Stainless Steel Chronograph Watch Black Dial Gold Strap,"<p>This sleek chronograph watch is the perfect blend of luxury and functionality, ideal for Pakistani men who demand both style and durability. Its stainless steel chain strap and dual-tone silver-gold design make it effortlessly stylish for office meetings, weddings, or casual outings. The watch’s robust construction ensures it can handle daily wear and tear, while its precise quartz movement delivers accurate timekeeping you can trust. Whether you’re navigating busy city streets or enjoying a weekend getaway, this watch stays sharp and reliable.</p><p>The watch features a 34mm round case with a black dial and luminous markers for easy reading, even in low light. Its durable stainless steel build resists scratches and corrosion, making it a long-term investment. The chronograph function lets you track multiple time intervals, while the water-resistant design adds practicality for everyday use. The elegant design and premium finish make it a standout accessory for any wardrobe.</p><p>- Stainless steel chain strap for durability and comfort</p><p>- Dual-tone silver and gold design for a sophisticated look</p><p>- Quartz movement for precise, long-lasting timekeeping</p><p>- Chronograph function for tracking multiple time intervals</p><p>- Water-resistant and scratch-resistant for daily use</p><p>- Ideal for both formal and casual occasions in Pakistan</p><ul><li>Material: Stainless Steel</li><li>Pattern: Chain Strap</li><li>Gender: Men's</li><li>Watch Case Shape: Round</li><li>Display Format: 12-Hour Format</li><li>Width: Inches</li><li>Number Of Pieces: 1 Pc</li><li>Color: Silver, Golden</li><li>Package Includes: 1 x Chronograph Watch</li><li>Dial Diameter: 34 mm</li><li>Length: 7 Inches</li><li>Height: 1.5 Inches</li><li>Note: There might be slight color differences as a result of varying lighting and monitor effects.</li><li>Product Code: MZ11300000061AHGS</li></ul><p>Delivered across Pakistan with cash on delivery.</p><p><a href=""https://www.markaz.app/shop/product/stainless-steel-chronograph-watch-black-dial-gold-strap/575042?ref=mkzx-d071d315-8f19-53d4-9d7d-9c3ca5a8fdb8"">View this product on Markaz</a></p>",,Chronograph Watch,"Fashion Accessories, Men’s Watches",FALSE,Color,Silver,MKZ-575042-575042001,0,,,continue,manual,2213,TRUE,https://www.markaz.app/api/export/image/113-132-575042-product-1.JPG?src=https%3A%2F%2Fstatic.markaz.app%2Fpakistan%2Fproducts%2F113-132-575042-product-1.JPG,Stainless Steel Chronograph Watch Black Dial Gold Strap,draft
stainless-steel-chronograph-watch-black-dial-gold-strap-mkz-575042,,,,,,,,,,,,,,,,,https://www.markaz.app/api/export/image/113-132-575042-product-2.JPG?src=https%3A%2F%2Fstatic.markaz.app%2Fpakistan%2Fproducts%2F113-132-575042-product-2.JPG,Stainless Steel Chronograph Watch Black Dial Gold Strap,
stainless-steel-chronograph-watch-black-dial-gold-strap-mkz-575042,,,,,,,,,,,,,,,,,https://www.markaz.app/api/export/image/113-132-575042-product-3.JPG?src=https%3A%2F%2Fstatic.markaz.app%2Fpakistan%2Fproducts%2F113-132-575042-product-3.JPG,Stainless Steel Chronograph Watch Black Dial Gold Strap,
stainless-steel-chronograph-watch-black-dial-gold-strap-mkz-575042,,,,,,,,,,,,,,,,,https://www.markaz.app/api/export/image/113-132-575042-product-4.JPG?src=https%3A%2F%2Fstatic.markaz.app%2Fpakistan%2Fproducts%2F113-132-575042-product-4.JPG,Stainless Steel Chronograph Watch Black Dial Gold Strap,
stainless-steel-chronograph-watch-black-dial-gold-strap-mkz-575042,,,,,,,,,,,,,,,,,https://www.markaz.app/api/export/image/113-132-575042-product-1-withcode.JPG?src=https%3A%2F%2Fstatic.markaz.app%2Fpakistan%2Fproducts%2F113-132-575042-product-1-withcode.JPG,Stainless Steel Chronograph Watch Black Dial Gold Strap,
couple-analog-watches-steel-36mm-set-mkz-403031,Couple Analog Watches Steel 36mm Set,"<p>Perfect for couples who want to match in style, these elegant steel watches are designed to complement your everyday look while offering timeless sophistication. Ideal for both office wear and casual outings, they’re built to last with a sleek, durable steel band that resists wear and tear. The 36mm black dial with minimalist white markings ensures easy readability, even in bright sunlight or dim lighting. Whether you’re heading to a wedding, a business meeting, or a weekend brunch, these watches add a touch of class without overpowering your outfit.</p><p>These watches are crafted with premium quality materials to ensure long-term durability and comfort. The steel construction is lightweight yet strong, making them suitable for daily use without compromising on style. The analog design offers a classic, timeless appeal that suits any occasion. The 32mm size fits most wrists comfortably, while the 36mm option offers a slightly larger, more prominent look. Both watches are designed for couples who want to match in style without sacrificing functionality.</p><p>- Premium quality steel construction for long-lasting durability</p><p>- Stylish black dial with minimalist white markings</p><p>- Lightweight and comfortable for daily wear</p><p>- Perfect for couples seeking matching accessories</p><p>- Ideal for office, weddings, and casual outings</p><p>- New arrival with best price in Pakistan</p><ul><li>Material: Steel</li><li>Product Feature: Best For Couples</li><li>Number Of Pieces: 2 Pcs</li><li>Package Includes: 2 x Analogue Couple Watches</li><li>Dial Diameter: 36/32 mm</li><li>Note: There might be slight color differences as a result of varying lighting and monitor effects.</li><li>Product Code: MZ11320034AHGS</li></ul><p>Delivered across Pakistan with cash on delivery.</p><p><a href=""https://www.markaz.app/shop/product/couple-analog-watches-steel-36mm-set/403031?ref=mkzx-d071d315-8f19-53d4-9d7d-9c3ca5a8fdb8"">View this product on Markaz</a></p>",,Analogue Couple Watches,"Fashion Accessories, Couple Watches",FALSE,Color,Silver,MKZ-403031-403031001,0,,,continue,manual,2289,TRUE,https://www.markaz.app/api/export/image/113-284-403031-product-1.webp?src=https%3A%2F%2Fstatic.markaz.app%2Fpakistan%2Fproducts%2F113-284-403031-product-1.webp,Couple Analog Watches Steel 36mm Set,draft
couple-analog-watches-steel-36mm-set-mkz-403031,,,,,,,,,,,,,,,,,https://www.markaz.app/api/export/image/113-284-403031-product-2.webp?src=https%3A%2F%2Fstatic.markaz.app%2Fpakistan%2Fproducts%2F113-284-403031-product-2.webp,Couple Analog Watches Steel 36mm Set,
couple-analog-watches-steel-36mm-set-mkz-403031,,,,,,,,,,,,,,,,,https://www.markaz.app/api/export/image/113-284-403031-product-3.webp?src=https%3A%2F%2Fstatic.markaz.app%2Fpakistan%2Fproducts%2F113-284-403031-product-3.webp,Couple Analog Watches Steel 36mm Set,
couple-analog-watches-steel-36mm-set-mkz-403031,,,,,,,,,,,,,,,,,https://www.markaz.app/api/export/image/113-284-403031-product-1-withcode.webp?src=https%3A%2F%2Fstatic.markaz.app%2Fpakistan%2Fproducts%2F113-284-403031-product-1-withcode.webp,Couple Analog Watches Steel 36mm Set,
black-embroidered-3-piece-lawn-suit-for-women-mkz-696275,Black Embroidered 3-Piece Lawn Suit for Women,"<p>This elegant JAZMIN 3 pcs Unstitched Embroidered Suit is crafted for the modern Pakistani woman who demands both style and comfort. Perfect for weddings, Eid, or any festive occasion, its sophisticated black embroidery stands out with timeless grace. The lightweight lawn fabric ensures breathability during Pakistan’s warm seasons while maintaining a polished look for formal events.</p><p>The suit features a beautifully embroidered shirt with intricate detailing on the neckline, sleeves, and hem, paired with sleek black trousers for a refined silhouette. The dupatta, made from soft dobby lawn with a digital print border, adds a touch of elegance without overwhelming the design. This set is not only stylish but also durable, designed for regular use and special occasions alike. Its premium quality construction ensures it remains a staple in your wardrobe for years to come.</p><p>- Embroidered black lawn shirt with detailed front and sleeve patterns</p><p>- Matching black lawn trousers for a streamlined look</p><p>- Dobby lawn dupatta with digital print border for added flair</p><p>- Ideal for weddings, Eid, and formal gatherings</p><p>- Premium quality materials for long-lasting wear</p><p>- New arrival at the best price in Pakistan</p><ul><li>Shirt Fabric: Lawn</li><li>Pattern: Embroidered</li><li>Shirt Front Pattern: Embroidered</li><li>Neckline: Embroidered</li><li>Sleeves Pattern: Embroidered</li><li>Daman: Embroidered</li><li>Trouser Fabric: Lawn</li><li>Trouser Pattern: Plain</li><li>Dupatta Fabric: Dobby Lawn</li><li>Dupatta Pattern: Digital Print</li><li>Number Of Pieces: 3 Pcs</li><li>Package Includes: 1 x Shirt, 1 x Trouser, 1 x Dupatta</li><li>Shirt Cutting: 3 Meter</li><li>Trouser Cutting: 2.5 Gazz</li><li>Dupatta Cutting: 2.5 Gazz</li><li>Color: Black</li><li>Note: There might be an error of 1-3 cm due to manual measurement, and slight color differences may occur as a result of varying lighting and monitor effects.</li><li>Product Code: MZ1914200097MCCNOL</li></ul><p>Delivered across Pakistan with cash on delivery.</p><p><a href=""https://www.markaz.app/shop/product/black-embroidered-3-piece-lawn-suit-for-women/696275?ref=mkzx-d071d315-8f19-53d4-9d7d-9c3ca5a8fdb8"">View this product on Markaz</a></p>",,Suit,"Women's Unstitched, 3 Piece Suits",FALSE,Size,Unstitched,MKZ-696275-696275001,0,,,continue,manual,4439,TRUE,https://www.markaz.app/api/export/image/1914-2-696275-product-1.webp?src=https%3A%2F%2Fstatic.markaz.app%2Fpakistan%2Fproducts%2F1914-2-696275-product-1.webp,Black Embroidered 3-Piece Lawn Suit for Women,draft
black-embroidered-3-piece-lawn-suit-for-women-mkz-696275,,,,,,,,,,,,,,,,,https://www.markaz.app/api/export/image/1914-2-696275-product-2.webp?src=https%3A%2F%2Fstatic.markaz.app%2Fpakistan%2Fproducts%2F1914-2-696275-product-2.webp,Black Embroidered 3-Piece Lawn Suit for Women,
black-embroidered-3-piece-lawn-suit-for-women-mkz-696275,,,,,,,,,,,,,,,,,https://www.markaz.app/api/export/image/1914-2-696275-product-3.webp?src=https%3A%2F%2Fstatic.markaz.app%2Fpakistan%2Fproducts%2F1914-2-696275-product-3.webp,Black Embroidered 3-Piece Lawn Suit for Women,
black-embroidered-3-piece-lawn-suit-for-women-mkz-696275,,,,,,,,,,,,,,,,,https://www.markaz.app/api/export/image/1914-2-696275-product-4.webp?src=https%3A%2F%2Fstatic.markaz.app%2Fpakistan%2Fproducts%2F1914-2-696275-product-4.webp,Black Embroidered 3-Piece Lawn Suit for Women,
black-embroidered-3-piece-lawn-suit-for-women-mkz-696275,,,,,,,,,,,,,,,,,https://www.markaz.app/api/export/image/1914-2-696275-product-5.webp?src=https%3A%2F%2Fstatic.markaz.app%2Fpakistan%2Fproducts%2F1914-2-696275-product-5.webp,Black Embroidered 3-Piece Lawn Suit for Women,
black-embroidered-3-piece-lawn-suit-for-women-mkz-696275,,,,,,,,,,,,,,,,,https://www.markaz.app/api/export/image/1914-2-696275-product-6.webp?src=https%3A%2F%2Fstatic.markaz.app%2Fpakistan%2Fproducts%2F1914-2-696275-product-6.webp,Black Embroidered 3-Piece Lawn Suit for Women,
fleece-printed-double-bed-blanket-mkz-753848,Fleece Printed Double Bed Blanket,"<ul><li>Fabric: Fleece</li><li>Pattern: Printed</li><li>Bed Size: Double Bed</li><li>Number Of Pieces: 1 Pc</li><li>Package Includes: 1 x Blanket</li><li>Blanket Length: 90 Inches</li><li>Blanket Width: 82 Inches</li><li>Color: Brown</li><li>Note: There might be an error of 1-3 cm due to manual measurement, and slight color differences may occur as a result of varying lighting and monitor effects.</li><li>Product Code: MZ962203286AIFS</li></ul><p>Delivered across Pakistan with cash on delivery.</p><p><a href=""https://www.markaz.app/shop/product/fleece-printed-double-bed-blanket/753848?ref=mkzx-d071d315-8f19-53d4-9d7d-9c3ca5a8fdb8"">View this product on Markaz</a></p>",,Blanket,"Bedding, Blankets",FALSE,Size,Double Bed Size,MKZ-753848-753848001,0,,,continue,manual,4026,TRUE,https://www.markaz.app/api/export/image/962-94-753848-product-1.webp?src=https%3A%2F%2Fstatic.markaz.app%2Fpakistan%2Fproducts%2F962-94-753848-product-1.webp,Fleece Printed Double Bed Blanket,draft
fleece-printed-double-bed-blanket-mkz-753846,Fleece Printed Double Bed Blanket,"<ul><li>Fabric: Fleece</li><li>Pattern: Printed</li><li>Bed Size: Double Bed</li><li>Number Of Pieces: 1 Pc</li><li>Package Includes: 1 x Blanket</li><li>Blanket Length: 90 Inches</li><li>Blanket Width: 82 Inches</li><li>Color: Black</li><li>Note: There might be an error of 1-3 cm due to manual measurement, and slight color differences may occur as a result of varying lighting and monitor effects.</li><li>Product Code: MZ962203284AIFS</li></ul><p>Delivered across Pakistan with cash on delivery.</p><p><a href=""https://www.markaz.app/shop/product/fleece-printed-double-bed-blanket/753846?ref=mkzx-d071d315-8f19-53d4-9d7d-9c3ca5a8fdb8"">View this product on Markaz</a></p>",,Blanket,"Bedding, Blankets",FALSE,Size,Double Bed Size,MKZ-753846-753846001,0,,,continue,manual,4026,TRUE,https://www.markaz.app/api/export/image/962-94-753846-product-1.webp?src=https%3A%2F%2Fstatic.markaz.app%2Fpakistan%2Fproducts%2F962-94-753846-product-1.webp,Fleece Printed Double Bed Blanket,draft
fleece-printed-double-bed-blanket-mkz-753856,Fleece Printed Double Bed Blanket,"<ul><li>Fabric: Fleece</li><li>Pattern: Printed</li><li>Bed Size: Double Bed</li><li>Number Of Pieces: 1 Pc</li><li>Package Includes: 1 x Blanket</li><li>Blanket Length: 90 Inches</li><li>Blanket Width: 82 Inches</li><li>Color: Green</li><li>Note: There might be an error of 1-3 cm due to manual measurement, and slight color differences may occur as a result of varying lighting and monitor effects.</li><li>Product Code: MZ962203294AIFS</li></ul><p>Delivered across Pakistan with cash on delivery.</p><p><a href=""https://www.markaz.app/shop/product/fleece-printed-double-bed-blanket/753856?ref=mkzx-d071d315-8f19-53d4-9d7d-9c3ca5a8fdb8"">View this product on Markaz</a></p>",,Blanket,"Bedding, Blankets",FALSE,Size,Double Bed Size,MKZ-753856-753856001,0,,,continue,manual,4026,TRUE,https://www.markaz.app/api/export/image/962-94-753856-product-1.webp?src=https%3A%2F%2Fstatic.markaz.app%2Fpakistan%2Fproducts%2F962-94-753856-product-1.webp,Fleece Printed Double Bed Blanket,draft
fleece-printed-double-bed-blanket-mkz-753853,Fleece Printed Double Bed Blanket,"<ul><li>Fabric: Fleece</li><li>Pattern: Printed</li><li>Bed Size: Double Bed</li><li>Number Of Pieces: 1 Pc</li><li>Package Includes: 1 x Blanket</li><li>Blanket Length: 90 Inches</li><li>Blanket Width: 82 Inches</li><li>Color: Black</li><li>Note: There might be an error of 1-3 cm due to manual measurement, and slight color differences may occur as a result of varying lighting and monitor effects.</li><li>Product Code: MZ962203291AIFS</li></ul><p>Delivered across Pakistan with cash on delivery.</p><p><a href=""https://www.markaz.app/shop/product/fleece-printed-double-bed-blanket/753853?ref=mkzx-d071d315-8f19-53d4-9d7d-9c3ca5a8fdb8"">View this product on Markaz</a></p>",,Blanket,"Bedding, Blankets",FALSE,Size,Double Bed Size,MKZ-753853-753853001,0,,,continue,manual,4026,TRUE,https://www.markaz.app/api/export/image/962-94-753853-product-1.webp?src=https%3A%2F%2Fstatic.markaz.app%2Fpakistan%2Fproducts%2F962-94-753853-product-1.webp,Fleece Printed Double Bed Blanket,draft
fleece-printed-double-bed-blanket-mkz-753849,Fleece Printed Double Bed Blanket,"<ul><li>Fabric: Fleece</li><li>Pattern: Printed</li><li>Bed Size: Double Bed</li><li>Number Of Pieces: 1 Pc</li><li>Package Includes: 1 x Blanket</li><li>Blanket Length: 90 Inches</li><li>Blanket Width: 82 Inches</li><li>Color: Brown</li><li>Note: There might be an error of 1-3 cm due to manual measurement, and slight color differences may occur as a result of varying lighting and monitor effects.</li><li>Product Code: MZ962203287AIFS</li></ul><p>Delivered across Pakistan with cash on delivery.</p><p><a href=""https://www.markaz.app/shop/product/fleece-printed-double-bed-blanket/753849?ref=mkzx-d071d315-8f19-53d4-9d7d-9c3ca5a8fdb8"">View this product on Markaz</a></p>",,Blanket,"Bedding, Blankets",FALSE,Size,Double Bed Size,MKZ-753849-753849001,0,,,continue,manual,4026,TRUE,https://www.markaz.app/api/export/image/962-94-753849-product-1.webp?src=https%3A%2F%2Fstatic.markaz.app%2Fpakistan%2Fproducts%2F962-94-753849-product-1.webp,Fleece Printed Double Bed Blanket,draft
fleece-printed-double-bed-blanket-mkz-753854,Fleece Printed Double Bed Blanket,"<ul><li>Fabric: Fleece</li><li>Pattern: Printed</li><li>Bed Size: Double Bed</li><li>Number Of Pieces: 1 Pc</li><li>Package Includes: 1 x Blanket</li><li>Blanket Length: 90 Inches</li><li>Blanket Width: 82 Inches</li><li>Color: White</li><li>Note: There might be an error of 1-3 cm due to manual measurement, and slight color differences may occur as a result of varying lighting and monitor effects.</li><li>Product Code: MZ962203292AIFS</li></ul><p>Delivered across Pakistan with cash on delivery.</p><p><a href=""https://www.markaz.app/shop/product/fleece-printed-double-bed-blanket/753854?ref=mkzx-d071d315-8f19-53d4-9d7d-9c3ca5a8fdb8"">View this product on Markaz</a></p>",,Blanket,"Bedding, Blankets",FALSE,Size,Double Bed Size,MKZ-753854-753854001,0,,,continue,manual,4026,TRUE,https://www.markaz.app/api/export/image/962-94-753854-product-1.webp?src=https%3A%2F%2Fstatic.markaz.app%2Fpakistan%2Fproducts%2F962-94-753854-product-1.webp,Fleece Printed Double Bed Blanket,draft
fleece-printed-double-bed-blanket-mkz-753852,Fleece Printed Double Bed Blanket,"<ul><li>Fabric: Fleece</li><li>Pattern: Printed</li><li>Bed Size: Double Bed</li><li>Number Of Pieces: 1 Pc</li><li>Package Includes: 1 x Blanket</li><li>Blanket Length: 90 Inches</li><li>Blanket Width: 82 Inches</li><li>Color: Off White</li><li>Note: There might be an error of 1-3 cm due to manual measurement, and slight color differences may occur as a result of varying lighting and monitor effects.</li><li>Product Code: MZ962203290AIFS</li></ul><p>Delivered across Pakistan with cash on delivery.</p><p><a href=""https://www.markaz.app/shop/product/fleece-printed-double-bed-blanket/753852?ref=mkzx-d071d315-8f19-53d4-9d7d-9c3ca5a8fdb8"">View this product on Markaz</a></p>",,Blanket,"Bedding, Blankets",FALSE,Size,Double Bed Size,MKZ-753852-753852001,0,,,continue,manual,4026,TRUE,https://www.markaz.app/api/export/image/962-94-753852-product-1.webp?src=https%3A%2F%2Fstatic.markaz.app%2Fpakistan%2Fproducts%2F962-94-753852-product-1.webp,Fleece Printed Double Bed Blanket,draft
vgr-v-353-professional-mens-foil-shaver-usb-rechargeable-electric-beard-shaver-gold-foil-trimmer-mkz-748736,VGR V-353 Professional Men's Foil Shaver | USB Rechargeable Electric Beard Shaver | Gold Foil Trimmer,"<p>Enjoy professional-quality grooming with the VGR V-353 Men's Foil Shaver. Featuring an ultra-thin gold foil shaving head, this shaver delivers a close shave while minimizing skin irritation. The built-in 600mAh rechargeable battery provides reliable performance, and USB charging ensures convenient power anywhere. Whether you're cleaning up stubble, finishing fades, or maintaining a smooth face, th</p><ul><li>Material: ABS Plastic</li><li>Model Number: Model Number</li><li>Number of Blades: 1</li><li>Gender: Men's</li><li>Color: Black</li><li>Speed Settings: High/Low</li><li>Product Feature: Comfortable Grip and Ergonomics Design</li><li>Package Includes: 1 x Hair Shaver</li><li>Battery Capacity: 600 mAh</li><li>Standby Time: 90 Minutes</li><li>Voltage: 5 Volts</li><li>Watts: 5 Watt</li><li>Pack Of 1</li><li>Professional men's foil shaver</li><li>Extra-large gold foil head</li><li>Close and smooth shaving performance</li><li>600mAh rechargeable Ni-MH battery</li><li>USB charging support</li><li>Lightweight and portable</li><li>Ergonomic anti-slip grip</li></ul><p>Delivered across Pakistan with cash on delivery.</p><p><a href=""https://www.markaz.app/shop/product/vgr-v-353-professional-mens-foil-shaver-usb-rechargeable-electric-beard-shaver-gold-foil-trimmer/748736?ref=mkzx-d071d315-8f19-53d4-9d7d-9c3ca5a8fdb8"">View this product on Markaz</a></p>",,Hair Shaver,"Cosmetics, Shavers & Trimmers",FALSE,Color,Black,MKZ-748736-748736001,0,,,continue,manual,3204,TRUE,https://www.markaz.app/api/export/image/2361-49-748736-product-1.webp?src=https%3A%2F%2Fstatic.markaz.app%2Fpakistan%2Fproducts%2F2361-49-748736-product-1.webp,VGR V-353 Professional Men's Foil Shaver | USB Rechargeable Electric Beard Shaver | Gold Foil Trimmer,draft
vgr-v-353-professional-mens-foil-shaver-usb-rechargeable-electric-beard-shaver-gold-foil-trimmer-mkz-748736,,,,,,,,,,,,,,,,,https://www.markaz.app/api/export/image/2361-49-748736-product-2.webp?src=https%3A%2F%2Fstatic.markaz.app%2Fpakistan%2Fproducts%2F2361-49-748736-product-2.webp,VGR V-353 Professional Men's Foil Shaver | USB Rechargeable Electric Beard Shaver | Gold Foil Trimmer,
vgr-v-353-professional-mens-foil-shaver-usb-rechargeable-electric-beard-shaver-gold-foil-trimmer-mkz-748736,,,,,,,,,,,,,,,,,https://www.markaz.app/api/export/image/2361-49-748736-product-3.webp?src=https%3A%2F%2Fstatic.markaz.app%2Fpakistan%2Fproducts%2F2361-49-748736-product-3.webp,VGR V-353 Professional Men's Foil Shaver | USB Rechargeable Electric Beard Shaver | Gold Foil Trimmer,
vgr-v-353-professional-mens-foil-shaver-usb-rechargeable-electric-beard-shaver-gold-foil-trimmer-mkz-748736,,,,,,,,,,,,,,,,,https://www.markaz.app/api/export/image/2361-49-748736-product-4.webp?src=https%3A%2F%2Fstatic.markaz.app%2Fpakistan%2Fproducts%2F2361-49-748736-product-4.webp,VGR V-353 Professional Men's Foil Shaver | USB Rechargeable Electric Beard Shaver | Gold Foil Trimmer,
vgr-v-353-professional-mens-foil-shaver-usb-rechargeable-electric-beard-shaver-gold-foil-trimmer-mkz-748736,,,,,,,,,,,,,,,,,https://www.markaz.app/api/export/image/2361-49-748736-product-5.webp?src=https%3A%2F%2Fstatic.markaz.app%2Fpakistan%2Fproducts%2F2361-49-748736-product-5.webp,VGR V-353 Professional Men's Foil Shaver | USB Rechargeable Electric Beard Shaver | Gold Foil Trimmer,
vgr-v-353-professional-mens-foil-shaver-usb-rechargeable-electric-beard-shaver-gold-foil-trimmer-mkz-748736,,,,,,,,,,,,,,,,,https://www.markaz.app/api/export/image/2361-49-748736-product-6.webp?src=https%3A%2F%2Fstatic.markaz.app%2Fpakistan%2Fproducts%2F2361-49-748736-product-6.webp,VGR V-353 Professional Men's Foil Shaver | USB Rechargeable Electric Beard Shaver | Gold Foil Trimmer,
vgr-v-353-professional-mens-foil-shaver-usb-rechargeable-electric-beard-shaver-gold-foil-trimmer-mkz-748736,,,,,,,,,,,,,,,,,https://www.markaz.app/api/export/image/2361-49-748736-product-7.webp?src=https%3A%2F%2Fstatic.markaz.app%2Fpakistan%2Fproducts%2F2361-49-748736-product-7.webp,VGR V-353 Professional Men's Foil Shaver | USB Rechargeable Electric Beard Shaver | Gold Foil Trimmer,
vgr-v-390-professional-mens-electric-foil-shaver-rechargeable-portable-beard-shaver-super-trim-mkz-748738,VGR V-390 Professional Men's Electric Foil Shaver | Rechargeable Portable Beard Shaver | Super Trim,"<p>The VGR V-390 Professional Men's Shaver is a compact and rechargeable electric foil shaver designed for smooth, comfortable, and precise shaving. Its lightweight portable design makes it ideal for daily grooming, travel, and business use. The single floating foil head provides a close shave while minimizing skin irritation. USB rechargeable for convenient charging anywhere.</p><ul><li>Material: ABS Plastic</li><li>Model Number: Model Number</li><li>Number of Blades: 1</li><li>Gender: Men's</li><li>Color: Black</li><li>Speed Settings: High/Low</li><li>Product Feature: 	Dry Shave, Wet, Cordless, Rechargeable, Self-Sharpening, Pop-Up Trimmer</li><li>Package Includes: 1 x Hair Trimmer</li><li>Battery Capacity: 600 mAh</li><li>Standby Time: 90 Minutes</li><li>Voltage: 5 Volts</li><li>Watts: 5 Watt</li><li>Pack Of 1</li><li>Rechargeable electric foil shaver</li><li>Professional men's grooming tool</li><li>Compact and travel-friendly design</li><li>Smooth and comfortable shaving</li><li>Lightweight and easy to hold</li><li>Precision foil blade for close shaving</li><li>Durable body with stylish finish</li></ul><p>Delivered across Pakistan with cash on delivery.</p><p><a href=""https://www.markaz.app/shop/product/vgr-v-390-professional-mens-electric-foil-shaver-rechargeable-portable-beard-shaver-super-trim/748738?ref=mkzx-d071d315-8f19-53d4-9d7d-9c3ca5a8fdb8"">View this product on Markaz</a></p>",,Hair Shaver,"Cosmetics, Shavers & Trimmers",FALSE,Color,Black,MKZ-748738-748738001,0,,,continue,manual,3341,TRUE,https://www.markaz.app/api/export/image/2361-49-748738-product-1.webp?src=https%3A%2F%2Fstatic.markaz.app%2Fpakistan%2Fproducts%2F2361-49-748738-product-1.webp,VGR V-390 Professional Men's Electric Foil Shaver | Rechargeable Portable Beard Shaver | Super Trim,draft
vgr-v-390-professional-mens-electric-foil-shaver-rechargeable-portable-beard-shaver-super-trim-mkz-748738,,,,,,,,,,,,,,,,,https://www.markaz.app/api/export/image/2361-49-748738-product-2.webp?src=https%3A%2F%2Fstatic.markaz.app%2Fpakistan%2Fproducts%2F2361-49-748738-product-2.webp,VGR V-390 Professional Men's Electric Foil Shaver | Rechargeable Portable Beard Shaver | Super Trim,
vgr-v-390-professional-mens-electric-foil-shaver-rechargeable-portable-beard-shaver-super-trim-mkz-748738,,,,,,,,,,,,,,,,,https://www.markaz.app/api/export/image/2361-49-748738-product-3.webp?src=https%3A%2F%2Fstatic.markaz.app%2Fpakistan%2Fproducts%2F2361-49-748738-product-3.webp,VGR V-390 Professional Men's Electric Foil Shaver | Rechargeable Portable Beard Shaver | Super Trim,
vgr-v-390-professional-mens-electric-foil-shaver-rechargeable-portable-beard-shaver-super-trim-mkz-748738,,,,,,,,,,,,,,,,,https://www.markaz.app/api/export/image/2361-49-748738-product-4.webp?src=https%3A%2F%2Fstatic.markaz.app%2Fpakistan%2Fproducts%2F2361-49-748738-product-4.webp,VGR V-390 Professional Men's Electric Foil Shaver | Rechargeable Portable Beard Shaver | Super Trim,
vgr-v-390-professional-mens-electric-foil-shaver-rechargeable-portable-beard-shaver-super-trim-mkz-748738,,,,,,,,,,,,,,,,,https://www.markaz.app/api/export/image/2361-49-748738-product-5.webp?src=https%3A%2F%2Fstatic.markaz.app%2Fpakistan%2Fproducts%2F2361-49-748738-product-5.webp,VGR V-390 Professional Men's Electric Foil Shaver | Rechargeable Portable Beard Shaver | Super Trim,
vgr-v-390-professional-mens-electric-foil-shaver-rechargeable-portable-beard-shaver-super-trim-mkz-748738,,,,,,,,,,,,,,,,,https://www.markaz.app/api/export/image/2361-49-748738-product-6.webp?src=https%3A%2F%2Fstatic.markaz.app%2Fpakistan%2Fproducts%2F2361-49-748738-product-6.webp,VGR V-390 Professional Men's Electric Foil Shaver | Rechargeable Portable Beard Shaver | Super Trim,
vgr-v-390-professional-mens-electric-foil-shaver-rechargeable-portable-beard-shaver-super-trim-mkz-748738,,,,,,,,,,,,,,,,,https://www.markaz.app/api/export/image/2361-49-748738-product-7.webp?src=https%3A%2F%2Fstatic.markaz.app%2Fpakistan%2Fproducts%2F2361-49-748738-product-7.webp,VGR V-390 Professional Men's Electric Foil Shaver | Rechargeable Portable Beard Shaver | Super Trim,
kemei-professional-3-barrel-hair-crimper-curling-iron-ceramic-hair-waver-fast-heating-styling-tool-mkz-751491,Kemei Professional 3 Barrel Hair Crimper & Curling Iron | Ceramic Hair Waver | Fast Heating Styling Tool,"<p>Transform your hairstyle effortlessly with the Kemei Professional 3 Barrel Hair Crimper &amp; Curling Iron. Designed with advanced ceramic-coated barrels, it heats up quickly and distributes heat evenly to create beautiful, long-lasting beach waves without excessive hair damage. Whether you're getting ready for work, a party, wedding, or special occasion, this styling tool helps you achieve a professi</p><ul><li>Material: ABS Plastic</li><li>Color: Black, Silver</li><li>Heat Settings: High Heat</li><li>Speed Settings: High/Low</li><li>Product Feature: Lightweight And Portable</li><li>Power Source: Corded Electric</li><li>Package Includes: 1 x Hair Curler &amp; Straightener</li><li>Voltage: 220 Volts</li><li>Watts: 45 Watt</li><li>Width: 8 Cm</li><li>Length: 35 Cm</li><li>Weight: 500 Gram</li><li>Pack Of 1</li><li>? Professional 3-barrel hair crimper</li><li>? Ceramic-coated barrels</li><li>? Fast heating technology</li><li>? Even heat distribution</li><li>? Creates beach waves &amp; curls</li><li>? Suitable for all hair types</li><li>? Comfortable ergonomic handle</li></ul><p>Delivered across Pakistan with cash on delivery.</p><p><a href=""https://www.markaz.app/shop/product/kemei-professional-3-barrel-hair-crimper-curling-iron-ceramic-hair-waver-fast-heating-styling-tool/751491?ref=mkzx-d071d315-8f19-53d4-9d7d-9c3ca5a8fdb8"">View this product on Markaz</a></p>",,Hair Curler & Straightener,"Cosmetics, Curlers & Straighteners",FALSE,Color,Black,MKZ-751491-751491001,0,,,continue,manual,5533,TRUE,https://www.markaz.app/api/export/image/2361-404-751491-product-1.webp?src=https%3A%2F%2Fstatic.markaz.app%2Fpakistan%2Fproducts%2F2361-404-751491-product-1.webp,Kemei Professional 3 Barrel Hair Crimper & Curling Iron | Ceramic Hair Waver | Fast Heating Styling Tool,draft
kemei-professional-3-barrel-hair-crimper-curling-iron-ceramic-hair-waver-fast-heating-styling-tool-mkz-751491,,,,,,,,Silver,MKZ-751491-751491002,0,,,continue,manual,5533,TRUE,,,
kemei-professional-3-barrel-hair-crimper-curling-iron-ceramic-hair-waver-fast-heating-styling-tool-mkz-751491,,,,,,,,,,,,,,,,,https://www.markaz.app/api/export/image/2361-404-751491-product-2.webp?src=https%3A%2F%2Fstatic.markaz.app%2Fpakistan%2Fproducts%2F2361-404-751491-product-2.webp,Kemei Professional 3 Barrel Hair Crimper & Curling Iron | Ceramic Hair Waver | Fast Heating Styling Tool,
kemei-professional-3-barrel-hair-crimper-curling-iron-ceramic-hair-waver-fast-heating-styling-tool-mkz-751491,,,,,,,,,,,,,,,,,https://www.markaz.app/api/export/image/2361-404-751491-product-3.webp?src=https%3A%2F%2Fstatic.markaz.app%2Fpakistan%2Fproducts%2F2361-404-751491-product-3.webp,Kemei Professional 3 Barrel Hair Crimper & Curling Iron | Ceramic Hair Waver | Fast Heating Styling Tool,
kemei-professional-3-barrel-hair-crimper-curling-iron-ceramic-hair-waver-fast-heating-styling-tool-mkz-751491,,,,,,,,,,,,,,,,,https://www.markaz.app/api/export/image/2361-404-751491-product-4.webp?src=https%3A%2F%2Fstatic.markaz.app%2Fpakistan%2Fproducts%2F2361-404-751491-product-4.webp,Kemei Professional 3 Barrel Hair Crimper & Curling Iron | Ceramic Hair Waver | Fast Heating Styling Tool,
kemei-professional-3-barrel-hair-crimper-curling-iron-ceramic-hair-waver-fast-heating-styling-tool-mkz-751491,,,,,,,,,,,,,,,,,https://www.markaz.app/api/export/image/2361-404-751491-product-5.webp?src=https%3A%2F%2Fstatic.markaz.app%2Fpakistan%2Fproducts%2F2361-404-751491-product-5.webp,Kemei Professional 3 Barrel Hair Crimper & Curling Iron | Ceramic Hair Waver | Fast Heating Styling Tool,
kemei-professional-3-barrel-hair-crimper-curling-iron-ceramic-hair-waver-fast-heating-styling-tool-mkz-751491,,,,,,,,,,,,,,,,,https://www.markaz.app/api/export/image/2361-404-751491-product-6.webp?src=https%3A%2F%2Fstatic.markaz.app%2Fpakistan%2Fproducts%2F2361-404-751491-product-6.webp,Kemei Professional 3 Barrel Hair Crimper & Curling Iron | Ceramic Hair Waver | Fast Heating Styling Tool,
kemei-professional-3-barrel-hair-crimper-curling-iron-ceramic-hair-waver-fast-heating-styling-tool-mkz-751491,,,,,,,,,,,,,,,,,https://www.markaz.app/api/export/image/2361-404-751491-product-7.webp?src=https%3A%2F%2Fstatic.markaz.app%2Fpakistan%2Fproducts%2F2361-404-751491-product-7.webp,Kemei Professional 3 Barrel Hair Crimper & Curling Iron | Ceramic Hair Waver | Fast Heating Styling Tool,
kemei-km-1260-3-in-1-rechargeable-electric-shaver-trimmer-nose-hair-trimmer-for-men-mkz-752110,"Kemei KM-1260 3-in-1 Rechargeable Electric Shaver, Trimmer & Nose Hair Trimmer for Men","<p>Upgrade your grooming routine with the Kemei KM-1260 3-in-1 Rechargeable Shaver. Designed for modern men, this all-in-one grooming tool combines a foil shaver, precision trimmer, and nose trimmer in one compact device. Its powerful motor, skin-friendly dual floating blades, and rechargeable battery provide a smooth, comfortable, and precise grooming experience every time. Whether you're at home or</p><ul><li>Material: ABS Plastic</li><li>Model Number: Model Number</li><li>Number of Blades: 3</li><li>Gender: Men's</li><li>Color: Black, Blue</li><li>Speed Settings: High/Low</li><li>Product Feature: Comfortable Grip and Ergonomics Design</li><li>Package Includes: 1 x Nose &amp; Ear Hair Trimmer</li><li>Battery Capacity: 600 mAh</li><li>Standby Time: 2 Hours</li><li>Voltage: 5 Volts</li><li>Watts: 5 Watt</li><li>Pack Of 1</li><li>3-in-1 Grooming Kit</li><li>Rechargeable USB Charging</li><li>Premium Metal Body</li><li>Dual Foil Shaver Head</li><li>Precision Hair Trimmer</li><li>Nose &amp; Ear Hair Trimmer</li><li>Stainless Steel Blades</li></ul><p>Delivered across Pakistan with cash on delivery.</p><p><a href=""https://www.markaz.app/shop/product/kemei-km-1260-3-in-1-rechargeable-electric-shaver-trimmer-nose-hair-trimmer-for-men/752110?ref=mkzx-d071d315-8f19-53d4-9d7d-9c3ca5a8fdb8"">View this product on Markaz</a></p>",,Nose & Ear Hair Trimmer,"Cosmetics, Shavers & Trimmers",FALSE,Color,Black,MKZ-752110-752110001,0,,,continue,manual,4163,TRUE,https://www.markaz.app/api/export/image/2361-49-752110-product-1.webp?src=https%3A%2F%2Fstatic.markaz.app%2Fpakistan%2Fproducts%2F2361-49-752110-product-1.webp,"Kemei KM-1260 3-in-1 Rechargeable Electric Shaver, Trimmer & Nose Hair Trimmer for Men",draft
kemei-km-1260-3-in-1-rechargeable-electric-shaver-trimmer-nose-hair-trimmer-for-men-mkz-752110,,,,,,,,Blue,MKZ-752110-752110002,0,,,continue,manual,4163,TRUE,,,
kemei-km-1260-3-in-1-rechargeable-electric-shaver-trimmer-nose-hair-trimmer-for-men-mkz-752110,,,,,,,,,,,,,,,,,https://www.markaz.app/api/export/image/2361-49-752110-product-2.webp?src=https%3A%2F%2Fstatic.markaz.app%2Fpakistan%2Fproducts%2F2361-49-752110-product-2.webp,"Kemei KM-1260 3-in-1 Rechargeable Electric Shaver, Trimmer & Nose Hair Trimmer for Men",
kemei-km-1260-3-in-1-rechargeable-electric-shaver-trimmer-nose-hair-trimmer-for-men-mkz-752110,,,,,,,,,,,,,,,,,https://www.markaz.app/api/export/image/2361-49-752110-product-3.webp?src=https%3A%2F%2Fstatic.markaz.app%2Fpakistan%2Fproducts%2F2361-49-752110-product-3.webp,"Kemei KM-1260 3-in-1 Rechargeable Electric Shaver, Trimmer & Nose Hair Trimmer for Men",
kemei-km-1260-3-in-1-rechargeable-electric-shaver-trimmer-nose-hair-trimmer-for-men-mkz-752110,,,,,,,,,,,,,,,,,https://www.markaz.app/api/export/image/2361-49-752110-product-4.webp?src=https%3A%2F%2Fstatic.markaz.app%2Fpakistan%2Fproducts%2F2361-49-752110-product-4.webp,"Kemei KM-1260 3-in-1 Rechargeable Electric Shaver, Trimmer & Nose Hair Trimmer for Men",
kemei-km-1260-3-in-1-rechargeable-electric-shaver-trimmer-nose-hair-trimmer-for-men-mkz-752110,,,,,,,,,,,,,,,,,https://www.markaz.app/api/export/image/2361-49-752110-product-5.webp?src=https%3A%2F%2Fstatic.markaz.app%2Fpakistan%2Fproducts%2F2361-49-752110-product-5.webp,"Kemei KM-1260 3-in-1 Rechargeable Electric Shaver, Trimmer & Nose Hair Trimmer for Men",
kemei-km-1260-3-in-1-rechargeable-electric-shaver-trimmer-nose-hair-trimmer-for-men-mkz-752110,,,,,,,,,,,,,,,,,https://www.markaz.app/api/export/image/2361-49-752110-product-6.webp?src=https%3A%2F%2Fstatic.markaz.app%2Fpakistan%2Fproducts%2F2361-49-752110-product-6.webp,"Kemei KM-1260 3-in-1 Rechargeable Electric Shaver, Trimmer & Nose Hair Trimmer for Men",
kemei-km-1260-3-in-1-rechargeable-electric-shaver-trimmer-nose-hair-trimmer-for-men-mkz-752110,,,,,,,,,,,,,,,,,https://www.markaz.app/api/export/image/2361-49-752110-product-7.webp?src=https%3A%2F%2Fstatic.markaz.app%2Fpakistan%2Fproducts%2F2361-49-752110-product-7.webp,"Kemei KM-1260 3-in-1 Rechargeable Electric Shaver, Trimmer & Nose Hair Trimmer for Men",
comfortable-grip-and-ergonomics-design-mens-nose-ear-hair-trimmer-5-mkz-752674,Comfortable Grip and Ergonomics Design Men's Nose & Ear Hair Trimmer 5,"<p>VGR V-366 Professional 3-in-1 Grooming Kit  Your Complete Grooming Solution – Shave, Trim &amp; Style with Confidence!  Achieve a clean, sharp, and professional look anytime with the VGR V-366 3-in-1 Grooming Kit. Designed for modern men, this all-in-one grooming tool comes with a foil shaver, precision trimmer, and nose &amp; ear trimmer, making it perfect for everyday grooming. Its powerful motor, Turbo</p><ul><li>Material: ABS Plastic</li><li>Model Number: Model Number</li><li>Number of Blades: 3</li><li>Gender: Men's</li><li>Color: Black, Blue</li><li>Speed Settings: High/Low</li><li>Product Feature: Comfortable Grip and Ergonomics Design</li><li>Package Includes: 1 x Nose &amp; Ear Hair Trimmer</li><li>Battery Capacity: 600 mAh</li><li>Standby Time: 4 Hours</li><li>Voltage: 5 Volts</li><li>Watts: 5 Watt</li><li>Pack Of Pack Of 1</li><li>? 3-in-1 Professional Grooming Kit</li><li>? Foil Shaver for Smooth Shaving</li><li>? Precision Detail Trimmer</li><li>? Nose &amp; Ear Hair Trimmer</li><li>? Turbo Function</li><li>? 600mAh Rechargeable Lithium Battery</li><li>? USB Charging</li></ul><p>Delivered across Pakistan with cash on delivery.</p><p><a href=""https://www.markaz.app/shop/product/comfortable-grip-and-ergonomics-design-mens-nose-ear-hair-trimmer-5/752674?ref=mkzx-d071d315-8f19-53d4-9d7d-9c3ca5a8fdb8"">View this product on Markaz</a></p>",,Nose & Ear Hair Trimmer,"Cosmetics, Shavers & Trimmers",FALSE,Color,Black,MKZ-752674-752674001,0,,,continue,manual,5259,TRUE,https://www.markaz.app/api/export/image/2361-49-752132-product-1.webp?src=https%3A%2F%2Fstatic.markaz.app%2Fpakistan%2Fproducts%2F2361-49-752132-product-1.webp,Comfortable Grip and Ergonomics Design Men's Nose & Ear Hair Trimmer 5,draft
comfortable-grip-and-ergonomics-design-mens-nose-ear-hair-trimmer-5-mkz-752674,,,,,,,,Blue,MKZ-752674-752674002,0,,,continue,manual,5259,TRUE,,,
comfortable-grip-and-ergonomics-design-mens-nose-ear-hair-trimmer-5-mkz-752674,,,,,,,,,,,,,,,,,https://www.markaz.app/api/export/image/2361-49-752132-product-2.webp?src=https%3A%2F%2Fstatic.markaz.app%2Fpakistan%2Fproducts%2F2361-49-752132-product-2.webp,Comfortable Grip and Ergonomics Design Men's Nose & Ear Hair Trimmer 5,
comfortable-grip-and-ergonomics-design-mens-nose-ear-hair-trimmer-5-mkz-752674,,,,,,,,,,,,,,,,,https://www.markaz.app/api/export/image/2361-49-752132-product-3.webp?src=https%3A%2F%2Fstatic.markaz.app%2Fpakistan%2Fproducts%2F2361-49-752132-product-3.webp,Comfortable Grip and Ergonomics Design Men's Nose & Ear Hair Trimmer 5,
comfortable-grip-and-ergonomics-design-mens-nose-ear-hair-trimmer-5-mkz-752674,,,,,,,,,,,,,,,,,https://www.markaz.app/api/export/image/2361-49-752132-product-4.webp?src=https%3A%2F%2Fstatic.markaz.app%2Fpakistan%2Fproducts%2F2361-49-752132-product-4.webp,Comfortable Grip and Ergonomics Design Men's Nose & Ear Hair Trimmer 5,
comfortable-grip-and-ergonomics-design-mens-nose-ear-hair-trimmer-5-mkz-752674,,,,,,,,,,,,,,,,,https://www.markaz.app/api/export/image/2361-49-752132-product-5.webp?src=https%3A%2F%2Fstatic.markaz.app%2Fpakistan%2Fproducts%2F2361-49-752132-product-5.webp,Comfortable Grip and Ergonomics Design Men's Nose & Ear Hair Trimmer 5,
comfortable-grip-and-ergonomics-design-mens-nose-ear-hair-trimmer-5-mkz-752674,,,,,,,,,,,,,,,,,https://www.markaz.app/api/export/image/2361-49-752132-product-6.webp?src=https%3A%2F%2Fstatic.markaz.app%2Fpakistan%2Fproducts%2F2361-49-752132-product-6.webp,Comfortable Grip and Ergonomics Design Men's Nose & Ear Hair Trimmer 5,
comfortable-grip-and-ergonomics-design-mens-nose-ear-hair-trimmer-5-mkz-752674,,,,,,,,,,,,,,,,,https://www.markaz.app/api/export/image/2361-49-752132-product-7.webp?src=https%3A%2F%2Fstatic.markaz.app%2Fpakistan%2Fproducts%2F2361-49-752132-product-7.webp,Comfortable Grip and Ergonomics Design Men's Nose & Ear Hair Trimmer 5,
professional-tourmaline-ceramic-hair-curler-up-to-220-c-fast-heating-curling-iron-for-salon-style-curls-mkz-755151,Professional Tourmaline Ceramic Hair Curler – Up to 220°C Fast Heating Curling Iron for Salon-Style Curls,"<p>Kemei KM-1323 Hair Curler stylish aur easy-to-use design ke saath banaya gaya hai. Tourmaline ceramic coating smooth styling mein help karti hai aur curls ko attractive finish deti hai. Iska temperature up to 220°C hai, jis se different hair-styling needs ke liye suitable heat milti hai.  Model: KM-1323 Brand: Kemei Type: Hair Curler / Curling Iron Coating: Tourmaline Ceramic Maximum Temperature:</p><ul><li>Material: ABS Plastic</li><li>Model Number: Model Number</li><li>Nozzle: 1 x Nozzle</li><li>Color: Black, Pink</li><li>Heat Settings: High Heat</li><li>Speed Settings: High Speed</li><li>Product Feature: Lightweight And Portable</li><li>Power Source: Corded Electric</li><li>Package Includes: 1 x Curling Iron Rod</li><li>Voltage: 220 Volts</li><li>Watts: 45 Watt</li><li>Width: 6 Cm</li><li>Length: 34 Cm</li><li>Weight: 500 Gram</li><li>Pack Of 1</li><li>? Fast Heating for quick styling</li><li>? Tourmaline Ceramic Coating</li><li>???? Beautiful curls &amp; waves banane ke liye ideal</li><li>?? Up to 220°C temperature</li><li>? Smooth and attractive styling finish</li></ul><p>Delivered across Pakistan with cash on delivery.</p><p><a href=""https://www.markaz.app/shop/product/professional-tourmaline-ceramic-hair-curler-up-to-220-c-fast-heating-curling-iron-for-salon-style-curls/755151?ref=mkzx-d071d315-8f19-53d4-9d7d-9c3ca5a8fdb8"">View this product on Markaz</a></p>",,Curling Iron Rod,"Cosmetics, Curlers & Straighteners",FALSE,Color,Black,MKZ-755151-755151001,0,,,continue,manual,4163,TRUE,https://www.markaz.app/api/export/image/2361-404-755151-product-1.webp?src=https%3A%2F%2Fstatic.markaz.app%2Fpakistan%2Fproducts%2F2361-404-755151-product-1.webp,Professional Tourmaline Ceramic Hair Curler – Up to 220°C Fast Heating Curling Iron for Salon-Style Curls,draft
professional-tourmaline-ceramic-hair-curler-up-to-220-c-fast-heating-curling-iron-for-salon-style-curls-mkz-755151,,,,,,,,Pink,MKZ-755151-755151002,0,,,continue,manual,4163,TRUE,,,
professional-tourmaline-ceramic-hair-curler-up-to-220-c-fast-heating-curling-iron-for-salon-style-curls-mkz-755151,,,,,,,,,,,,,,,,,https://www.markaz.app/api/export/image/2361-404-755151-product-2.webp?src=https%3A%2F%2Fstatic.markaz.app%2Fpakistan%2Fproducts%2F2361-404-755151-product-2.webp,Professional Tourmaline Ceramic Hair Curler – Up to 220°C Fast Heating Curling Iron for Salon-Style Curls,
professional-tourmaline-ceramic-hair-curler-up-to-220-c-fast-heating-curling-iron-for-salon-style-curls-mkz-755151,,,,,,,,,,,,,,,,,https://www.markaz.app/api/export/image/2361-404-755151-product-3.webp?src=https%3A%2F%2Fstatic.markaz.app%2Fpakistan%2Fproducts%2F2361-404-755151-product-3.webp,Professional Tourmaline Ceramic Hair Curler – Up to 220°C Fast Heating Curling Iron for Salon-Style Curls,
professional-tourmaline-ceramic-hair-curler-up-to-220-c-fast-heating-curling-iron-for-salon-style-curls-mkz-755151,,,,,,,,,,,,,,,,,https://www.markaz.app/api/export/image/2361-404-755151-product-4.webp?src=https%3A%2F%2Fstatic.markaz.app%2Fpakistan%2Fproducts%2F2361-404-755151-product-4.webp,Professional Tourmaline Ceramic Hair Curler – Up to 220°C Fast Heating Curling Iron for Salon-Style Curls,
professional-tourmaline-ceramic-hair-curler-up-to-220-c-fast-heating-curling-iron-for-salon-style-curls-mkz-755151,,,,,,,,,,,,,,,,,https://www.markaz.app/api/export/image/2361-404-755151-product-5.webp?src=https%3A%2F%2Fstatic.markaz.app%2Fpakistan%2Fproducts%2F2361-404-755151-product-5.webp,Professional Tourmaline Ceramic Hair Curler – Up to 220°C Fast Heating Curling Iron for Salon-Style Curls,
professional-tourmaline-ceramic-hair-curler-up-to-220-c-fast-heating-curling-iron-for-salon-style-curls-mkz-755151,,,,,,,,,,,,,,,,,https://www.markaz.app/api/export/image/2361-404-755151-product-6.webp?src=https%3A%2F%2Fstatic.markaz.app%2Fpakistan%2Fproducts%2F2361-404-755151-product-6.webp,Professional Tourmaline Ceramic Hair Curler – Up to 220°C Fast Heating Curling Iron for Salon-Style Curls,
professional-tourmaline-ceramic-hair-curler-up-to-220-c-fast-heating-curling-iron-for-salon-style-curls-mkz-755151,,,,,,,,,,,,,,,,,https://www.markaz.app/api/export/image/2361-404-755151-product-7.webp?src=https%3A%2F%2Fstatic.markaz.app%2Fpakistan%2Fproducts%2F2361-404-755151-product-7.webp,Professional Tourmaline Ceramic Hair Curler – Up to 220°C Fast Heating Curling Iron for Salon-Style Curls,
professional-tourmaline-ceramic-hair-curler-up-to-220-c-fast-heating-curling-iron-for-salon-style-curls-mkz-755151,,,,,,,,,,,,,,,,,https://www.markaz.app/api/export/image/2361-404-755151-product-8.webp?src=https%3A%2F%2Fstatic.markaz.app%2Fpakistan%2Fproducts%2F2361-404-755151-product-8.webp,Professional Tourmaline Ceramic Hair Curler – Up to 220°C Fast Heating Curling Iron for Salon-Style Curls,
professional-hair-curling-wand-s-2503-980-f-high-heat-hair-curler-for-salon-home-styling-mkz-755150,Professional Hair Curling Wand S-2503 – 980°F High Heat Hair Curler for Salon & Home Styling,"<p>The S-2503 Professional Curling Wand is designed for easy and effective hair styling. The slim curling barrel helps create attractive curls and waves, while the ergonomic textured handle provides a comfortable grip during styling. It features a high-heat design with a maximum temperature marking of 980°F on the packaging.  Perfect for creating:  Beautiful curls Soft waves Defined hairstyles Salon-</p><ul><li>Material: ABS Plastic</li><li>Model Number: Model Number</li><li>Nozzle: 1 x Nozzle</li><li>Color: Black, Golden</li><li>Heat Settings: High Heat</li><li>Speed Settings: High Speed</li><li>Product Feature: Lightweight And Portable</li><li>Power Source: Corded Electric</li><li>Package Includes: 1 x Curling Iron Rod</li><li>Voltage: 220 Volts</li><li>Watts: 50 Watt</li><li>Width: 9 Cm</li><li>Length: 30 Cm</li><li>Weight: 500 Gram</li><li>Pack Of 1</li><li>? High Heat Performance – Up to 980°F marking</li><li>? Professional Curling Wand Design</li><li>? Creates curls &amp; stylish waves</li><li>? Comfortable textured handle</li><li>? Suitable for home &amp; salon use</li></ul><p>Delivered across Pakistan with cash on delivery.</p><p><a href=""https://www.markaz.app/shop/product/professional-hair-curling-wand-s-2503-980-f-high-heat-hair-curler-for-salon-home-styling/755150?ref=mkzx-d071d315-8f19-53d4-9d7d-9c3ca5a8fdb8"">View this product on Markaz</a></p>",,Curling Iron Rod,"Cosmetics, Curlers & Straighteners",FALSE,Color,Black,MKZ-755150-755150001,0,,,continue,manual,5122,TRUE,https://www.markaz.app/api/export/image/2361-404-755150-product-1.webp?src=https%3A%2F%2Fstatic.markaz.app%2Fpakistan%2Fproducts%2F2361-404-755150-product-1.webp,Professional Hair Curling Wand S-2503 – 980°F High Heat Hair Curler for Salon & Home Styling,draft
professional-hair-curling-wand-s-2503-980-f-high-heat-hair-curler-for-salon-home-styling-mkz-755150,,,,,,,,Golden,MKZ-755150-755150002,0,,,continue,manual,5122,TRUE,,,
professional-hair-curling-wand-s-2503-980-f-high-heat-hair-curler-for-salon-home-styling-mkz-755150,,,,,,,,,,,,,,,,,https://www.markaz.app/api/export/image/2361-404-755150-product-2.webp?src=https%3A%2F%2Fstatic.markaz.app%2Fpakistan%2Fproducts%2F2361-404-755150-product-2.webp,Professional Hair Curling Wand S-2503 – 980°F High Heat Hair Curler for Salon & Home Styling,
professional-hair-curling-wand-s-2503-980-f-high-heat-hair-curler-for-salon-home-styling-mkz-755150,,,,,,,,,,,,,,,,,https://www.markaz.app/api/export/image/2361-404-755150-product-3.webp?src=https%3A%2F%2Fstatic.markaz.app%2Fpakistan%2Fproducts%2F2361-404-755150-product-3.webp,Professional Hair Curling Wand S-2503 – 980°F High Heat Hair Curler for Salon & Home Styling,
professional-hair-curling-wand-s-2503-980-f-high-heat-hair-curler-for-salon-home-styling-mkz-755150,,,,,,,,,,,,,,,,,https://www.markaz.app/api/export/image/2361-404-755150-product-4.webp?src=https%3A%2F%2Fstatic.markaz.app%2Fpakistan%2Fproducts%2F2361-404-755150-product-4.webp,Professional Hair Curling Wand S-2503 – 980°F High Heat Hair Curler for Salon & Home Styling,
professional-hair-curling-wand-s-2503-980-f-high-heat-hair-curler-for-salon-home-styling-mkz-755150,,,,,,,,,,,,,,,,,https://www.markaz.app/api/export/image/2361-404-755150-product-5.webp?src=https%3A%2F%2Fstatic.markaz.app%2Fpakistan%2Fproducts%2F2361-404-755150-product-5.webp,Professional Hair Curling Wand S-2503 – 980°F High Heat Hair Curler for Salon & Home Styling,
professional-hair-curling-wand-s-2503-980-f-high-heat-hair-curler-for-salon-home-styling-mkz-755150,,,,,,,,,,,,,,,,,https://www.markaz.app/api/export/image/2361-404-755150-product-6.webp?src=https%3A%2F%2Fstatic.markaz.app%2Fpakistan%2Fproducts%2F2361-404-755150-product-6.webp,Professional Hair Curling Wand S-2503 – 980°F High Heat Hair Curler for Salon & Home Styling,
professional-hair-curling-wand-s-2503-980-f-high-heat-hair-curler-for-salon-home-styling-mkz-755150,,,,,,,,,,,,,,,,,https://www.markaz.app/api/export/image/2361-404-755150-product-7.webp?src=https%3A%2F%2Fstatic.markaz.app%2Fpakistan%2Fproducts%2F2361-404-755150-product-7.webp,Professional Hair Curling Wand S-2503 – 980°F High Heat Hair Curler for Salon & Home Styling,
professional-hair-curler-r-999-proluxe-styling-curling-iron-for-beautiful-salon-style-curls-waves-mkz-755068,Professional Hair Curler R-999 - ProLuxe Styling Curling Iron for Beautiful Salon-Style Curls & Waves,"<p>The R-999 Professional Hair Curler is an ideal styling tool for creating attractive curls and waves with ease. Its long curling barrel helps style different sections of hair, while the built-in clamp helps hold hair securely during curling. The ergonomic handle provides a comfortable grip, making it easier to control the curler while styling. Whether you want soft waves, defined curls, or a glamor</p><ul><li>Material: ABS Plastic</li><li>Model Number: Model Number</li><li>Nozzle: 1 x Nozzle</li><li>Color: Green, Black</li><li>Heat Settings: High Heat</li><li>Speed Settings: High Speed</li><li>Product Feature: Lightweight And Portable</li><li>Power Source: Corded Electric</li><li>Package Includes: 1 x Curling Iron Rod</li><li>Voltage: 220 Volts</li><li>Watts: 45 Watt</li><li>Width: 4 Cm</li><li>Length: 18 Cm</li><li>Weight: 500 Gram</li><li>Pack Of 1</li><li>Professional-style curling &amp; wave creation</li><li>Creates beautiful curls and elegant waves</li><li>Fast &amp; convenient hair styling</li><li>Comfortable ergonomic handle</li><li>Built-in hair-holding clamp</li></ul><p>Delivered across Pakistan with cash on delivery.</p><p><a href=""https://www.markaz.app/shop/product/professional-hair-curler-r-999-proluxe-styling-curling-iron-for-beautiful-salon-style-curls-waves/755068?ref=mkzx-d071d315-8f19-53d4-9d7d-9c3ca5a8fdb8"">View this product on Markaz</a></p>",,Curling Iron Rod,"Cosmetics, Curlers & Straighteners",FALSE,Color,Green,MKZ-755068-755068001,0,,,continue,manual,4574,TRUE,https://www.markaz.app/api/export/image/2361-404-755068-product-1.webp?src=https%3A%2F%2Fstatic.markaz.app%2Fpakistan%2Fproducts%2F2361-404-755068-product-1.webp,Professional Hair Curler R-999 - ProLuxe Styling Curling Iron for Beautiful Salon-Style Curls & Waves,draft
professional-hair-curler-r-999-proluxe-styling-curling-iron-for-beautiful-salon-style-curls-waves-mkz-755068,,,,,,,,Black,MKZ-755068-755068002,0,,,continue,manual,4574,TRUE,,,
professional-hair-curler-r-999-proluxe-styling-curling-iron-for-beautiful-salon-style-curls-waves-mkz-755068,,,,,,,,,,,,,,,,,https://www.markaz.app/api/export/image/2361-404-755068-product-2.webp?src=https%3A%2F%2Fstatic.markaz.app%2Fpakistan%2Fproducts%2F2361-404-755068-product-2.webp,Professional Hair Curler R-999 - ProLuxe Styling Curling Iron for Beautiful Salon-Style Curls & Waves,
professional-hair-curler-r-999-proluxe-styling-curling-iron-for-beautiful-salon-style-curls-waves-mkz-755068,,,,,,,,,,,,,,,,,https://www.markaz.app/api/export/image/2361-404-755068-product-3.webp?src=https%3A%2F%2Fstatic.markaz.app%2Fpakistan%2Fproducts%2F2361-404-755068-product-3.webp,Professional Hair Curler R-999 - ProLuxe Styling Curling Iron for Beautiful Salon-Style Curls & Waves,
professional-hair-curler-r-999-proluxe-styling-curling-iron-for-beautiful-salon-style-curls-waves-mkz-755068,,,,,,,,,,,,,,,,,https://www.markaz.app/api/export/image/2361-404-755068-product-4.webp?src=https%3A%2F%2Fstatic.markaz.app%2Fpakistan%2Fproducts%2F2361-404-755068-product-4.webp,Professional Hair Curler R-999 - ProLuxe Styling Curling Iron for Beautiful Salon-Style Curls & Waves,
professional-hair-curler-r-999-proluxe-styling-curling-iron-for-beautiful-salon-style-curls-waves-mkz-755068,,,,,,,,,,,,,,,,,https://www.markaz.app/api/export/image/2361-404-755068-product-5.webp?src=https%3A%2F%2Fstatic.markaz.app%2Fpakistan%2Fproducts%2F2361-404-755068-product-5.webp,Professional Hair Curler R-999 - ProLuxe Styling Curling Iron for Beautiful Salon-Style Curls & Waves,
professional-hair-curler-r-999-proluxe-styling-curling-iron-for-beautiful-salon-style-curls-waves-mkz-755068,,,,,,,,,,,,,,,,,https://www.markaz.app/api/export/image/2361-404-755068-product-6.webp?src=https%3A%2F%2Fstatic.markaz.app%2Fpakistan%2Fproducts%2F2361-404-755068-product-6.webp,Professional Hair Curler R-999 - ProLuxe Styling Curling Iron for Beautiful Salon-Style Curls & Waves,
professional-hair-curler-r-999-proluxe-styling-curling-iron-for-beautiful-salon-style-curls-waves-mkz-755068,,,,,,,,,,,,,,,,,https://www.markaz.app/api/export/image/2361-404-755068-product-7.webp?src=https%3A%2F%2Fstatic.markaz.app%2Fpakistan%2Fproducts%2F2361-404-755068-product-7.webp,Professional Hair Curler R-999 - ProLuxe Styling Curling Iron for Beautiful Salon-Style Curls & Waves,
kemei-km-3068-3-in-1-rechargeable-epilator-hair-removal-system-for-women-mkz-756751,Kemei KM-3068 3-in-1 Rechargeable Epilator & Hair Removal System for Women,"<p>Experience effortless beauty care with the Kemei KM-3068 Hair Removal System. Equipped with three interchangeable functions, this device effectively removes unwanted hair from legs, arms, underarms, and other body areas while helping keep your skin soft and smooth. Its ergonomic design provides a comfortable grip, and the rechargeable battery allows cordless operation for maximum convenience. Perf</p><ul><li>Material: ABS Plastic</li><li>Model Number: Model Number</li><li>Color: Pink, White, Brown</li><li>Product Feature: Safe and effective for all skin types, including sensitive skin.</li><li>Package Includes: 1 x Hair Epilator</li><li>Battery Capacity: 1200 mAh</li><li>Standby Time: 6 Hours</li><li>Voltage: 220 Volts</li><li>Watts: 3 Watt</li><li>Weight: 350 Gram</li><li>Pack Of 1</li><li>? 3-in-1 Multifunction Design</li><li>? Epilator, Shaver &amp; Callus Remover</li><li>? Rechargeable &amp; Cordless Use</li><li>? Long-Lasting Smooth Skin</li><li>? Gentle on Sensitive Skin</li><li>? Compact &amp; Lightweight Design</li><li>? Easy to Clean &amp; Maintain</li><li>? Ideal for Home &amp; Travel Use</li><li>Note: Before using any new cosmetic product, perform a patch test on a small skin area. Verify ingredients for allergies and follow package warnings and directions.</li></ul><p>Delivered across Pakistan with cash on delivery.</p><p><a href=""https://www.markaz.app/shop/product/kemei-km-3068-3-in-1-rechargeable-epilator-hair-removal-system-for-women/756751?ref=mkzx-d071d315-8f19-53d4-9d7d-9c3ca5a8fdb8"">View this product on Markaz</a></p>",,Hair Epilator,"Cosmetics, Hair Removal",FALSE,Color,Pink,MKZ-756751-756751001,0,,,continue,manual,5533,TRUE,https://www.markaz.app/api/export/image/2361-282-756751-product-1.webp?src=https%3A%2F%2Fstatic.markaz.app%2Fpakistan%2Fproducts%2F2361-282-756751-product-1.webp,Kemei KM-3068 3-in-1 Rechargeable Epilator & Hair Removal System for Women,draft
kemei-km-3068-3-in-1-rechargeable-epilator-hair-removal-system-for-women-mkz-756751,,,,,,,,White,MKZ-756751-756751002,0,,,continue,manual,5533,TRUE,,,
kemei-km-3068-3-in-1-rechargeable-epilator-hair-removal-system-for-women-mkz-756751,,,,,,,,Brown,MKZ-756751-756751003,0,,,continue,manual,5533,TRUE,,,
kemei-km-3068-3-in-1-rechargeable-epilator-hair-removal-system-for-women-mkz-756751,,,,,,,,,,,,,,,,,https://www.markaz.app/api/export/image/2361-282-756751-product-2.webp?src=https%3A%2F%2Fstatic.markaz.app%2Fpakistan%2Fproducts%2F2361-282-756751-product-2.webp,Kemei KM-3068 3-in-1 Rechargeable Epilator & Hair Removal System for Women,
kemei-km-3068-3-in-1-rechargeable-epilator-hair-removal-system-for-women-mkz-756751,,,,,,,,,,,,,,,,,https://www.markaz.app/api/export/image/2361-282-756751-product-3.webp?src=https%3A%2F%2Fstatic.markaz.app%2Fpakistan%2Fproducts%2F2361-282-756751-product-3.webp,Kemei KM-3068 3-in-1 Rechargeable Epilator & Hair Removal System for Women,
kemei-km-3068-3-in-1-rechargeable-epilator-hair-removal-system-for-women-mkz-756751,,,,,,,,,,,,,,,,,https://www.markaz.app/api/export/image/2361-282-756751-product-4.webp?src=https%3A%2F%2Fstatic.markaz.app%2Fpakistan%2Fproducts%2F2361-282-756751-product-4.webp,Kemei KM-3068 3-in-1 Rechargeable Epilator & Hair Removal System for Women,
kemei-km-3068-3-in-1-rechargeable-epilator-hair-removal-system-for-women-mkz-756751,,,,,,,,,,,,,,,,,https://www.markaz.app/api/export/image/2361-282-756751-product-5.webp?src=https%3A%2F%2Fstatic.markaz.app%2Fpakistan%2Fproducts%2F2361-282-756751-product-5.webp,Kemei KM-3068 3-in-1 Rechargeable Epilator & Hair Removal System for Women,
kemei-km-3068-3-in-1-rechargeable-epilator-hair-removal-system-for-women-mkz-756751,,,,,,,,,,,,,,,,,https://www.markaz.app/api/export/image/2361-282-756751-product-6.webp?src=https%3A%2F%2Fstatic.markaz.app%2Fpakistan%2Fproducts%2F2361-282-756751-product-6.webp,Kemei KM-3068 3-in-1 Rechargeable Epilator & Hair Removal System for Women,
kemei-km-3068-3-in-1-rechargeable-epilator-hair-removal-system-for-women-mkz-756751,,,,,,,,,,,,,,,,,https://www.markaz.app/api/export/image/2361-282-756751-product-7.webp?src=https%3A%2F%2Fstatic.markaz.app%2Fpakistan%2Fproducts%2F2361-282-756751-product-7.webp,Kemei KM-3068 3-in-1 Rechargeable Epilator & Hair Removal System for Women,
kemei-km-2199-5-in-1-rechargeable-waterproof-beauty-epilator-hair-removal-kit-for-women-mkz-756771,KEMEI KM-2199 5-in-1 Rechargeable Waterproof Beauty Epilator & Hair Removal Kit for Women,"<p>Enjoy effortless hair removal and skin care with this versatile 5-in-1 Beauty Tool Kit. Featuring multiple attachment heads, this device helps remove unwanted hair from legs, arms, underarms, and sensitive areas while providing gentle skin care. The rechargeable battery offers cordless convenience, and the IPX4 waterproof body allows easy cleaning after use. Perfect for women looking for a compact</p><ul><li>Material: ABS Plastic</li><li>Model Number: Model Number</li><li>Color: White</li><li>Product Feature: Safe and effective for all skin types, including sensitive skin.</li><li>Package Includes: 1 x Hair Epilator</li><li>Battery Capacity: 600 mAh</li><li>Standby Time: 4 Hours</li><li>Voltage: 3.7 Volts</li><li>Watts: 3 Watt</li><li>Weight: 250 Gram</li><li>Pack Of 1</li><li>5-in-1 multifunction beauty care system</li><li>Rechargeable cordless operation</li><li>IPX4 waterproof design</li><li>Multiple interchangeable heads</li><li>Gentle and effective hair removal</li><li>Ergonomic and lightweight design</li><li>Easy to clean and maintain</li><li>Suitable for home and travel use</li><li>Smooth and comfortable skin care</li></ul><p>Delivered across Pakistan with cash on delivery.</p><p><a href=""https://www.markaz.app/shop/product/kemei-km-2199-5-in-1-rechargeable-waterproof-beauty-epilator-hair-removal-kit-for-women/756771?ref=mkzx-d071d315-8f19-53d4-9d7d-9c3ca5a8fdb8"">View this product on Markaz</a></p>",,Hair Epilator,"Cosmetics, Hair Removal",FALSE,Color,White,MKZ-756771-756771001,0,,,continue,manual,6903,TRUE,https://www.markaz.app/api/export/image/2361-282-756771-product-1.webp?src=https%3A%2F%2Fstatic.markaz.app%2Fpakistan%2Fproducts%2F2361-282-756771-product-1.webp,KEMEI KM-2199 5-in-1 Rechargeable Waterproof Beauty Epilator & Hair Removal Kit for Women,draft
kemei-km-2199-5-in-1-rechargeable-waterproof-beauty-epilator-hair-removal-kit-for-women-mkz-756771,,,,,,,,,,,,,,,,,https://www.markaz.app/api/export/image/2361-282-756771-product-2.webp?src=https%3A%2F%2Fstatic.markaz.app%2Fpakistan%2Fproducts%2F2361-282-756771-product-2.webp,KEMEI KM-2199 5-in-1 Rechargeable Waterproof Beauty Epilator & Hair Removal Kit for Women,
kemei-km-2199-5-in-1-rechargeable-waterproof-beauty-epilator-hair-removal-kit-for-women-mkz-756771,,,,,,,,,,,,,,,,,https://www.markaz.app/api/export/image/2361-282-756771-product-3.webp?src=https%3A%2F%2Fstatic.markaz.app%2Fpakistan%2Fproducts%2F2361-282-756771-product-3.webp,KEMEI KM-2199 5-in-1 Rechargeable Waterproof Beauty Epilator & Hair Removal Kit for Women,
kemei-km-2199-5-in-1-rechargeable-waterproof-beauty-epilator-hair-removal-kit-for-women-mkz-756771,,,,,,,,,,,,,,,,,https://www.markaz.app/api/export/image/2361-282-756771-product-4.webp?src=https%3A%2F%2Fstatic.markaz.app%2Fpakistan%2Fproducts%2F2361-282-756771-product-4.webp,KEMEI KM-2199 5-in-1 Rechargeable Waterproof Beauty Epilator & Hair Removal Kit for Women,
kemei-km-2199-5-in-1-rechargeable-waterproof-beauty-epilator-hair-removal-kit-for-women-mkz-756771,,,,,,,,,,,,,,,,,https://www.markaz.app/api/export/image/2361-282-756771-product-5.webp?src=https%3A%2F%2Fstatic.markaz.app%2Fpakistan%2Fproducts%2F2361-282-756771-product-5.webp,KEMEI KM-2199 5-in-1 Rechargeable Waterproof Beauty Epilator & Hair Removal Kit for Women,
kemei-km-2199-5-in-1-rechargeable-waterproof-beauty-epilator-hair-removal-kit-for-women-mkz-756771,,,,,,,,,,,,,,,,,https://www.markaz.app/api/export/image/2361-282-756771-product-6.webp?src=https%3A%2F%2Fstatic.markaz.app%2Fpakistan%2Fproducts%2F2361-282-756771-product-6.webp,KEMEI KM-2199 5-in-1 Rechargeable Waterproof Beauty Epilator & Hair Removal Kit for Women,
kemei-km-2199-5-in-1-rechargeable-waterproof-beauty-epilator-hair-removal-kit-for-women-mkz-756771,,,,,,,,,,,,,,,,,https://www.markaz.app/api/export/image/2361-282-756771-product-7.webp?src=https%3A%2F%2Fstatic.markaz.app%2Fpakistan%2Fproducts%2F2361-282-756771-product-7.webp,KEMEI KM-2199 5-in-1 Rechargeable Waterproof Beauty Epilator & Hair Removal Kit for Women,
vgr-v-123-professional-hair-clipper-for-men-powerful-dc-motor-stainless-steel-blades-taper-lever-2m-power-cable-mkz-757902,"VGR V-123 Professional Hair Clipper for Men – Powerful DC Motor, Stainless Steel Blades, Taper Lever & 2M Power Cable","<p>The VGR V-123 Professional Hair Clipper is an excellent choice for professional and personal grooming. Its durable construction, sharp blades and powerful motor are designed to deliver reliable performance for haircuts, trimming and styling.  The built-in taper lever allows easy adjustment for precision cutting, while the 2-meter power cable provides comfortable freedom of movement during use. Whe</p><ul><li>Material: ABS Plastic</li><li>Model Number: Model Number</li><li>Number of Blades: 1</li><li>Gender: Men's</li><li>Speed Settings: High/Low</li><li>Product Feature: Comfortable Grip and Ergonomics Design</li><li>Package Includes: 1 x Hair Trimmer</li><li>Voltage: 220 Volts</li><li>Watts: 80 Watt</li><li>Pack Of 1</li><li>Professional VGR V-123 Design – Stylish and premium-looking hair clipper, suitable for both professional barbers and home grooming.</li><li>Powerful DC Motor – High-performance motor provides strong and consistent power for smooth cutting without frequent stopping.</li><li>Professional Stainless-Steel Blades – Sharp and durable blades deliver clean, precise cuts while maintaining reliable performance over time.</li><li>Note: Before using any new cosmetic product, perform a patch test on a small skin area. Verify ingredients for allergies and follow package warnings and directions.</li><li>Product Code: MZ2361200111ADES</li></ul><p>Delivered across Pakistan with cash on delivery.</p><p><a href=""https://www.markaz.app/shop/product/vgr-v-123-professional-hair-clipper-for-men-powerful-dc-motor-stainless-steel-blades-taper-lever-2m-power-cable/757902?ref=mkzx-d071d315-8f19-53d4-9d7d-9c3ca5a8fdb8"">View this product on Markaz</a></p>",,Hair Trimmer,"Cosmetics, Shavers & Trimmers",FALSE,Color,Black,MKZ-757902-757902001,0,,,continue,manual,8684,TRUE,https://www.markaz.app/api/export/image/2361-49-757902-product-1.webp?src=https%3A%2F%2Fstatic.markaz.app%2Fpakistan%2Fproducts%2F2361-49-757902-product-1.webp,"VGR V-123 Professional Hair Clipper for Men – Powerful DC Motor, Stainless Steel Blades, Taper Lever & 2M Power Cable",draft
vgr-v-123-professional-hair-clipper-for-men-powerful-dc-motor-stainless-steel-blades-taper-lever-2m-power-cable-mkz-757902,,,,,,,,Green,MKZ-757902-757902002,0,,,continue,manual,8684,TRUE,,,
vgr-v-123-professional-hair-clipper-for-men-powerful-dc-motor-stainless-steel-blades-taper-lever-2m-power-cable-mkz-757902,,,,,,,,,,,,,,,,,https://www.markaz.app/api/export/image/2361-49-757902-product-2.webp?src=https%3A%2F%2Fstatic.markaz.app%2Fpakistan%2Fproducts%2F2361-49-757902-product-2.webp,"VGR V-123 Professional Hair Clipper for Men – Powerful DC Motor, Stainless Steel Blades, Taper Lever & 2M Power Cable",
vgr-v-123-professional-hair-clipper-for-men-powerful-dc-motor-stainless-steel-blades-taper-lever-2m-power-cable-mkz-757902,,,,,,,,,,,,,,,,,https://www.markaz.app/api/export/image/2361-49-757902-product-3.webp?src=https%3A%2F%2Fstatic.markaz.app%2Fpakistan%2Fproducts%2F2361-49-757902-product-3.webp,"VGR V-123 Professional Hair Clipper for Men – Powerful DC Motor, Stainless Steel Blades, Taper Lever & 2M Power Cable",
vgr-v-123-professional-hair-clipper-for-men-powerful-dc-motor-stainless-steel-blades-taper-lever-2m-power-cable-mkz-757902,,,,,,,,,,,,,,,,,https://www.markaz.app/api/export/image/2361-49-757902-product-4.webp?src=https%3A%2F%2Fstatic.markaz.app%2Fpakistan%2Fproducts%2F2361-49-757902-product-4.webp,"VGR V-123 Professional Hair Clipper for Men – Powerful DC Motor, Stainless Steel Blades, Taper Lever & 2M Power Cable",
vgr-v-123-professional-hair-clipper-for-men-powerful-dc-motor-stainless-steel-blades-taper-lever-2m-power-cable-mkz-757902,,,,,,,,,,,,,,,,,https://www.markaz.app/api/export/image/2361-49-757902-product-5.webp?src=https%3A%2F%2Fstatic.markaz.app%2Fpakistan%2Fproducts%2F2361-49-757902-product-5.webp,"VGR V-123 Professional Hair Clipper for Men – Powerful DC Motor, Stainless Steel Blades, Taper Lever & 2M Power Cable",
vgr-v-123-professional-hair-clipper-for-men-powerful-dc-motor-stainless-steel-blades-taper-lever-2m-power-cable-mkz-757902,,,,,,,,,,,,,,,,,https://www.markaz.app/api/export/image/2361-49-757902-product-6.webp?src=https%3A%2F%2Fstatic.markaz.app%2Fpakistan%2Fproducts%2F2361-49-757902-product-6.webp,"VGR V-123 Professional Hair Clipper for Men – Powerful DC Motor, Stainless Steel Blades, Taper Lever & 2M Power Cable",
vgr-v-123-professional-hair-clipper-for-men-powerful-dc-motor-stainless-steel-blades-taper-lever-2m-power-cable-mkz-757902,,,,,,,,,,,,,,,,,https://www.markaz.app/api/export/image/2361-49-757902-product-7.webp?src=https%3A%2F%2Fstatic.markaz.app%2Fpakistan%2Fproducts%2F2361-49-757902-product-7.webp,"VGR V-123 Professional Hair Clipper for Men – Powerful DC Motor, Stainless Steel Blades, Taper Lever & 2M Power Cable",
vgr-v-123-professional-hair-clipper-for-men-powerful-dc-motor-stainless-steel-blades-taper-lever-2m-power-cable-mkz-757902,,,,,,,,,,,,,,,,,https://www.markaz.app/api/export/image/2361-49-757902-product-8.webp?src=https%3A%2F%2Fstatic.markaz.app%2Fpakistan%2Fproducts%2F2361-49-757902-product-8.webp,"VGR V-123 Professional Hair Clipper for Men – Powerful DC Motor, Stainless Steel Blades, Taper Lever & 2M Power Cable",
comfortable-grip-and-ergonomics-design-mens-hair-trimmer-5-mkz-758488,Comfortable Grip and Ergonomics Design Men's Hair Trimmer 5,"<p>VGR V-268 Professional Hair Clipper ek stylish, powerful aur reliable cordless hair clipper hai jo professional barbers aur home users dono ke liye excellent choice hai. Is mein stainless steel blades, powerful motor aur 2000mAh rechargeable lithium battery di gayi hai, jo smooth aur precise cutting experience provide karti hai.  Iska taper lever different hair lengths aur cutting styles create ka</p><ul><li>Material: ABS Plastic</li><li>Model Number: Model Number</li><li>Number of Blades: 1</li><li>Gender: Men's</li><li>Color: Golden</li><li>Speed Settings: High/Low</li><li>Product Feature: Comfortable Grip and Ergonomics Design</li><li>Package Includes: 1 x Hair Trimmer</li><li>Battery Capacity: 2000 mAh</li><li>Standby Time: 6 Hours</li><li>Voltage: 3.7 Volts</li><li>Watts: 5 Watt</li><li>Pack Of Pack Of 1</li><li>?? Professional Hair Clipper</li><li>? Powerful 2000mAh Lithium Battery</li><li>? Cordless &amp; Rechargeable Design</li><li>? Sharp Stainless Steel Blades</li><li>?? Taper Lever for Multi-Cut Styling</li><li>? Digital LCD Display</li><li>? USB Charging Support</li></ul><p>Delivered across Pakistan with cash on delivery.</p><p><a href=""https://www.markaz.app/shop/product/comfortable-grip-and-ergonomics-design-mens-hair-trimmer-5/758488?ref=mkzx-d071d315-8f19-53d4-9d7d-9c3ca5a8fdb8"">View this product on Markaz</a></p>",,Hair Trimmer,"Cosmetics, Shavers & Trimmers",FALSE,Color,Golden,MKZ-758488-758488001,0,,,continue,manual,7314,TRUE,https://www.markaz.app/api/export/image/2361-49-758465-product-1.webp?src=https%3A%2F%2Fstatic.markaz.app%2Fpakistan%2Fproducts%2F2361-49-758465-product-1.webp,Comfortable Grip and Ergonomics Design Men's Hair Trimmer 5,draft
comfortable-grip-and-ergonomics-design-mens-hair-trimmer-5-mkz-758488,,,,,,,,,,,,,,,,,https://www.markaz.app/api/export/image/2361-49-758465-product-2.webp?src=https%3A%2F%2Fstatic.markaz.app%2Fpakistan%2Fproducts%2F2361-49-758465-product-2.webp,Comfortable Grip and Ergonomics Design Men's Hair Trimmer 5,
comfortable-grip-and-ergonomics-design-mens-hair-trimmer-5-mkz-758488,,,,,,,,,,,,,,,,,https://www.markaz.app/api/export/image/2361-49-758465-product-3.webp?src=https%3A%2F%2Fstatic.markaz.app%2Fpakistan%2Fproducts%2F2361-49-758465-product-3.webp,Comfortable Grip and Ergonomics Design Men's Hair Trimmer 5,
comfortable-grip-and-ergonomics-design-mens-hair-trimmer-5-mkz-758488,,,,,,,,,,,,,,,,,https://www.markaz.app/api/export/image/2361-49-758465-product-4.webp?src=https%3A%2F%2Fstatic.markaz.app%2Fpakistan%2Fproducts%2F2361-49-758465-product-4.webp,Comfortable Grip and Ergonomics Design Men's Hair Trimmer 5,
comfortable-grip-and-ergonomics-design-mens-hair-trimmer-5-mkz-758488,,,,,,,,,,,,,,,,,https://www.markaz.app/api/export/image/2361-49-758465-product-5.webp?src=https%3A%2F%2Fstatic.markaz.app%2Fpakistan%2Fproducts%2F2361-49-758465-product-5.webp,Comfortable Grip and Ergonomics Design Men's Hair Trimmer 5,
comfortable-grip-and-ergonomics-design-mens-hair-trimmer-5-mkz-758488,,,,,,,,,,,,,,,,,https://www.markaz.app/api/export/image/2361-49-758465-product-6.webp?src=https%3A%2F%2Fstatic.markaz.app%2Fpakistan%2Fproducts%2F2361-49-758465-product-6.webp,Comfortable Grip and Ergonomics Design Men's Hair Trimmer 5,
comfortable-grip-and-ergonomics-design-mens-hair-trimmer-5-mkz-758488,,,,,,,,,,,,,,,,,https://www.markaz.app/api/export/image/2361-49-758465-product-7.webp?src=https%3A%2F%2Fstatic.markaz.app%2Fpakistan%2Fproducts%2F2361-49-758465-product-7.webp,Comfortable Grip and Ergonomics Design Men's Hair Trimmer 5,
kemei-km-3298-professional-hair-clipper-1200mah-rechargeable-trimmer-with-lcd-display-stainless-steel-blade-engraved-metal-body-mkz-758851,"Kemei KM-3298 Professional Hair Clipper – 1200mAh Rechargeable Trimmer with LCD Display, Stainless Steel Blade & Engraved Metal Body","<p>Kemei KM-3298 un users ke liye designed hai jo professional performance, attractive design aur convenient cordless operation ek hi clipper mein chahte hain. Is clipper ka stainless-steel blade sharp aur durable hai, jo hair aur beard trimming mein clean results provide karta hai. LCD display battery status ko monitor karne mein madad karta hai, is liye aapko charging ki zaroorat ka andaza easily h</p><ul><li>Material: ABS Plastic</li><li>Model Number: Model Number</li><li>Number of Blades: 1</li><li>Gender: Men's</li><li>Color: Black, Golden</li><li>Speed Settings: High/Low</li><li>Product Feature: Comfortable Grip and Ergonomics Design</li><li>Package Includes: 1 x Hair Trimmer</li><li>Battery Capacity: 1200 mAh</li><li>Standby Time: 2 Hours</li><li>Voltage: 5 Volts</li><li>Watts: 5 Watt</li><li>Pack Of 1</li><li>? Professional Kemei KM-3298 Hair Clipper</li><li>? 1200mAh Rechargeable Battery</li><li>? 5W Powerful Performance</li><li>?? LCD Battery Display</li><li>?? Sharp Stainless-Steel Blade</li><li>? Powerful &amp; Smooth Motor</li><li>? USB Charging Support</li></ul><p>Delivered across Pakistan with cash on delivery.</p><p><a href=""https://www.markaz.app/shop/product/kemei-km-3298-professional-hair-clipper-1200mah-rechargeable-trimmer-with-lcd-display-stainless-steel-blade-engraved-metal-body/758851?ref=mkzx-d071d315-8f19-53d4-9d7d-9c3ca5a8fdb8"">View this product on Markaz</a></p>",,Hair Trimmer,"Cosmetics, Shavers & Trimmers",FALSE,Color,Black,MKZ-758851-758851001,0,,,continue,manual,5122,TRUE,https://www.markaz.app/api/export/image/2361-49-758851-product-1.webp?src=https%3A%2F%2Fstatic.markaz.app%2Fpakistan%2Fproducts%2F2361-49-758851-product-1.webp,"Kemei KM-3298 Professional Hair Clipper – 1200mAh Rechargeable Trimmer with LCD Display, Stainless Steel Blade & Engraved Metal Body",draft
kemei-km-3298-professional-hair-clipper-1200mah-rechargeable-trimmer-with-lcd-display-stainless-steel-blade-engraved-metal-body-mkz-758851,,,,,,,,Golden,MKZ-758851-758851002,0,,,continue,manual,5122,TRUE,,,
kemei-km-3298-professional-hair-clipper-1200mah-rechargeable-trimmer-with-lcd-display-stainless-steel-blade-engraved-metal-body-mkz-758851,,,,,,,,,,,,,,,,,https://www.markaz.app/api/export/image/2361-49-758851-product-2.webp?src=https%3A%2F%2Fstatic.markaz.app%2Fpakistan%2Fproducts%2F2361-49-758851-product-2.webp,"Kemei KM-3298 Professional Hair Clipper – 1200mAh Rechargeable Trimmer with LCD Display, Stainless Steel Blade & Engraved Metal Body",
kemei-km-3298-professional-hair-clipper-1200mah-rechargeable-trimmer-with-lcd-display-stainless-steel-blade-engraved-metal-body-mkz-758851,,,,,,,,,,,,,,,,,https://www.markaz.app/api/export/image/2361-49-758851-product-3.webp?src=https%3A%2F%2Fstatic.markaz.app%2Fpakistan%2Fproducts%2F2361-49-758851-product-3.webp,"Kemei KM-3298 Professional Hair Clipper – 1200mAh Rechargeable Trimmer with LCD Display, Stainless Steel Blade & Engraved Metal Body",
kemei-km-3298-professional-hair-clipper-1200mah-rechargeable-trimmer-with-lcd-display-stainless-steel-blade-engraved-metal-body-mkz-758851,,,,,,,,,,,,,,,,,https://www.markaz.app/api/export/image/2361-49-758851-product-4.webp?src=https%3A%2F%2Fstatic.markaz.app%2Fpakistan%2Fproducts%2F2361-49-758851-product-4.webp,"Kemei KM-3298 Professional Hair Clipper – 1200mAh Rechargeable Trimmer with LCD Display, Stainless Steel Blade & Engraved Metal Body",
kemei-km-3298-professional-hair-clipper-1200mah-rechargeable-trimmer-with-lcd-display-stainless-steel-blade-engraved-metal-body-mkz-758851,,,,,,,,,,,,,,,,,https://www.markaz.app/api/export/image/2361-49-758851-product-5.webp?src=https%3A%2F%2Fstatic.markaz.app%2Fpakistan%2Fproducts%2F2361-49-758851-product-5.webp,"Kemei KM-3298 Professional Hair Clipper – 1200mAh Rechargeable Trimmer with LCD Display, Stainless Steel Blade & Engraved Metal Body",
kemei-km-3298-professional-hair-clipper-1200mah-rechargeable-trimmer-with-lcd-display-stainless-steel-blade-engraved-metal-body-mkz-758851,,,,,,,,,,,,,,,,,https://www.markaz.app/api/export/image/2361-49-758851-product-6.webp?src=https%3A%2F%2Fstatic.markaz.app%2Fpakistan%2Fproducts%2F2361-49-758851-product-6.webp,"Kemei KM-3298 Professional Hair Clipper – 1200mAh Rechargeable Trimmer with LCD Display, Stainless Steel Blade & Engraved Metal Body",
kemei-km-3298-professional-hair-clipper-1200mah-rechargeable-trimmer-with-lcd-display-stainless-steel-blade-engraved-metal-body-mkz-758851,,,,,,,,,,,,,,,,,https://www.markaz.app/api/export/image/2361-49-758851-product-7.webp?src=https%3A%2F%2Fstatic.markaz.app%2Fpakistan%2Fproducts%2F2361-49-758851-product-7.webp,"Kemei KM-3298 Professional Hair Clipper – 1200mAh Rechargeable Trimmer with LCD Display, Stainless Steel Blade & Engraved Metal Body",
kemei-km-595professional-hair-beard-trimmer-usb-rechargeable-cordless-grooming-machine-with-digital-display-mkz-758876,KEMEI KM- 595Professional Hair & Beard Trimmer – USB Rechargeable Cordless Grooming Machine with Digital Display,"<p>Experience professional-quality grooming from the comfort of your home with this advanced rechargeable hair and beard trimmer. Featuring a high-performance motor and ultra-sharp precision blade, it effortlessly cuts through thick, thin, curly, and straight hair without pulling or irritation.  The built-in digital display allows you to monitor battery life at a glance, ensuring uninterrupted groomi</p><ul><li>Material: ABS Plastic</li><li>Model Number: Model Number</li><li>Number of Blades: 1</li><li>Gender: Men's</li><li>Color: Golden, Silver, Black</li><li>Speed Settings: High/Low</li><li>Product Feature: Comfortable Grip and Ergonomics Design</li><li>Package Includes: 1 x Hair Trimmer</li><li>Battery Capacity: 600 mAh</li><li>Standby Time: 2 Hours</li><li>Voltage: 5 Volts</li><li>Watts: 5 Watt</li><li>Pack Of 1</li><li>Premium Vintage Gold Design</li><li>Professional Stainless-Steel T-Blade</li><li>Cordless &amp; USB Rechargeable</li><li>Smart LED Digital Battery Display</li><li>Powerful High-Speed Motor</li><li>Precise Hair, Beard &amp; Mustache Trimming</li><li>Skin-Friendly Cutting Performance</li></ul><p>Delivered across Pakistan with cash on delivery.</p><p><a href=""https://www.markaz.app/shop/product/kemei-km-595professional-hair-beard-trimmer-usb-rechargeable-cordless-grooming-machine-with-digital-display/758876?ref=mkzx-d071d315-8f19-53d4-9d7d-9c3ca5a8fdb8"">View this product on Markaz</a></p>",,Hair Trimmer,"Cosmetics, Shavers & Trimmers",FALSE,Color,Golden,MKZ-758876-758876001,0,,,continue,manual,4848,TRUE,https://www.markaz.app/api/export/image/2361-49-758876-product-1.webp?src=https%3A%2F%2Fstatic.markaz.app%2Fpakistan%2Fproducts%2F2361-49-758876-product-1.webp,KEMEI KM- 595Professional Hair & Beard Trimmer – USB Rechargeable Cordless Grooming Machine with Digital Display,draft
kemei-km-595professional-hair-beard-trimmer-usb-rechargeable-cordless-grooming-machine-with-digital-display-mkz-758876,,,,,,,,,,,,,,,,,https://www.markaz.app/api/export/image/2361-49-758876-product-2.webp?src=https%3A%2F%2Fstatic.markaz.app%2Fpakistan%2Fproducts%2F2361-49-758876-product-2.webp,KEMEI KM- 595Professional Hair & Beard Trimmer – USB Rechargeable Cordless Grooming Machine with Digital Display,
kemei-km-595professional-hair-beard-trimmer-usb-rechargeable-cordless-grooming-machine-with-digital-display-mkz-758876,,,,,,,,,,,,,,,,,https://www.markaz.app/api/export/image/2361-49-758876-product-3.webp?src=https%3A%2F%2Fstatic.markaz.app%2Fpakistan%2Fproducts%2F2361-49-758876-product-3.webp,KEMEI KM- 595Professional Hair & Beard Trimmer – USB Rechargeable Cordless Grooming Machine with Digital Display,
kemei-km-595professional-hair-beard-trimmer-usb-rechargeable-cordless-grooming-machine-with-digital-display-mkz-758876,,,,,,,,,,,,,,,,,https://www.markaz.app/api/export/image/2361-49-758876-product-4.webp?src=https%3A%2F%2Fstatic.markaz.app%2Fpakistan%2Fproducts%2F2361-49-758876-product-4.webp,KEMEI KM- 595Professional Hair & Beard Trimmer – USB Rechargeable Cordless Grooming Machine with Digital Display,
kemei-km-595professional-hair-beard-trimmer-usb-rechargeable-cordless-grooming-machine-with-digital-display-mkz-758876,,,,,,,,,,,,,,,,,https://www.markaz.app/api/export/image/2361-49-758876-product-5.webp?src=https%3A%2F%2Fstatic.markaz.app%2Fpakistan%2Fproducts%2F2361-49-758876-product-5.webp,KEMEI KM- 595Professional Hair & Beard Trimmer – USB Rechargeable Cordless Grooming Machine with Digital Display,
kemei-km-595professional-hair-beard-trimmer-usb-rechargeable-cordless-grooming-machine-with-digital-display-mkz-758876,,,,,,,,,,,,,,,,,https://www.markaz.app/api/export/image/2361-49-758876-product-6.webp?src=https%3A%2F%2Fstatic.markaz.app%2Fpakistan%2Fproducts%2F2361-49-758876-product-6.webp,KEMEI KM- 595Professional Hair & Beard Trimmer – USB Rechargeable Cordless Grooming Machine with Digital Display,
kemei-km-595professional-hair-beard-trimmer-usb-rechargeable-cordless-grooming-machine-with-digital-display-mkz-758876,,,,,,,,,,,,,,,,,https://www.markaz.app/api/export/image/2361-49-758876-product-7.webp?src=https%3A%2F%2Fstatic.markaz.app%2Fpakistan%2Fproducts%2F2361-49-758876-product-7.webp,KEMEI KM- 595Professional Hair & Beard Trimmer – USB Rechargeable Cordless Grooming Machine with Digital Display,
kemei-km-034-professional-hair-clipper-cordless-rechargeable-hair-beard-trimmer-with-digital-display-stainless-steel-t-blade-powerful-motor-mkz-759105,"Kemei KM-034 Professional Hair Clipper – Cordless Rechargeable Hair & Beard Trimmer with Digital Display, Stainless Steel T-Blade & Powerful Motor","<p>The Kemei KM-034 is a modern cordless hair and beard clipper designed for convenient and precise grooming. It features a durable stainless-steel T-blade that is suitable for detailed trimming and clean finishing. The powerful motor provides smooth cutting performance, while the cordless design allows greater freedom of movement during use.  The attractive silver and red body gives the clipper a pr</p><ul><li>Material: ABS Plastic</li><li>Model Number: Model Number</li><li>Number of Blades: 1</li><li>Gender: Men's</li><li>Color: Silver, Red</li><li>Speed Settings: High/Low</li><li>Product Feature: Comfortable Grip and Ergonomics Design</li><li>Package Includes: 1 x Hair Trimmer</li><li>Battery Capacity: 600 mAh</li><li>Standby Time: 2 Hours</li><li>Voltage: 5 Volts</li><li>Watts: 5 Watt</li><li>Pack Of 1</li><li>?? Professional T-Blade: Sharp stainless-steel blade designed for accurate and clean trimming.</li><li>? Powerful Motor: Delivers strong and consistent cutting performance for everyday grooming.</li><li>? 600mAh Rechargeable Battery: Convenient built-in battery for cordless grooming.</li><li>? Digital Power Display: Easily check the remaining power while using the clipper.</li><li>? USB Rechargeable: Convenient USB charging makes recharging simple at home, office or while travelling.</li><li>? Hair &amp; Beard Grooming: Suitable for hair trimming, beard shaping, sideburns and detailed grooming.</li><li>? Home &amp; Professional Use: Ideal for personal grooming as well as barbers and salons.</li></ul><p>Delivered across Pakistan with cash on delivery.</p><p><a href=""https://www.markaz.app/shop/product/kemei-km-034-professional-hair-clipper-cordless-rechargeable-hair-beard-trimmer-with-digital-display-stainless-steel-t-blade-powerful-motor/759105?ref=mkzx-d071d315-8f19-53d4-9d7d-9c3ca5a8fdb8"">View this product on Markaz</a></p>",,Hair Trimmer,"Cosmetics, Shavers & Trimmers",FALSE,Color,Silver,MKZ-759105-759105001,0,,,continue,manual,4437,TRUE,https://www.markaz.app/api/export/image/2361-49-759105-product-1.webp?src=https%3A%2F%2Fstatic.markaz.app%2Fpakistan%2Fproducts%2F2361-49-759105-product-1.webp,"Kemei KM-034 Professional Hair Clipper – Cordless Rechargeable Hair & Beard Trimmer with Digital Display, Stainless Steel T-Blade & Powerful Motor",draft
kemei-km-034-professional-hair-clipper-cordless-rechargeable-hair-beard-trimmer-with-digital-display-stainless-steel-t-blade-powerful-motor-mkz-759105,,,,,,,,Red,MKZ-759105-759105002,0,,,continue,manual,4437,TRUE,,,
kemei-km-034-professional-hair-clipper-cordless-rechargeable-hair-beard-trimmer-with-digital-display-stainless-steel-t-blade-powerful-motor-mkz-759105,,,,,,,,,,,,,,,,,https://www.markaz.app/api/export/image/2361-49-759105-product-2.webp?src=https%3A%2F%2Fstatic.markaz.app%2Fpakistan%2Fproducts%2F2361-49-759105-product-2.webp,"Kemei KM-034 Professional Hair Clipper – Cordless Rechargeable Hair & Beard Trimmer with Digital Display, Stainless Steel T-Blade & Powerful Motor",
kemei-km-034-professional-hair-clipper-cordless-rechargeable-hair-beard-trimmer-with-digital-display-stainless-steel-t-blade-powerful-motor-mkz-759105,,,,,,,,,,,,,,,,,https://www.markaz.app/api/export/image/2361-49-759105-product-3.webp?src=https%3A%2F%2Fstatic.markaz.app%2Fpakistan%2Fproducts%2F2361-49-759105-product-3.webp,"Kemei KM-034 Professional Hair Clipper – Cordless Rechargeable Hair & Beard Trimmer with Digital Display, Stainless Steel T-Blade & Powerful Motor",
kemei-km-034-professional-hair-clipper-cordless-rechargeable-hair-beard-trimmer-with-digital-display-stainless-steel-t-blade-powerful-motor-mkz-759105,,,,,,,,,,,,,,,,,https://www.markaz.app/api/export/image/2361-49-759105-product-4.webp?src=https%3A%2F%2Fstatic.markaz.app%2Fpakistan%2Fproducts%2F2361-49-759105-product-4.webp,"Kemei KM-034 Professional Hair Clipper – Cordless Rechargeable Hair & Beard Trimmer with Digital Display, Stainless Steel T-Blade & Powerful Motor",
kemei-km-034-professional-hair-clipper-cordless-rechargeable-hair-beard-trimmer-with-digital-display-stainless-steel-t-blade-powerful-motor-mkz-759105,,,,,,,,,,,,,,,,,https://www.markaz.app/api/export/image/2361-49-759105-product-5.webp?src=https%3A%2F%2Fstatic.markaz.app%2Fpakistan%2Fproducts%2F2361-49-759105-product-5.webp,"Kemei KM-034 Professional Hair Clipper – Cordless Rechargeable Hair & Beard Trimmer with Digital Display, Stainless Steel T-Blade & Powerful Motor",
kemei-km-034-professional-hair-clipper-cordless-rechargeable-hair-beard-trimmer-with-digital-display-stainless-steel-t-blade-powerful-motor-mkz-759105,,,,,,,,,,,,,,,,,https://www.markaz.app/api/export/image/2361-49-759105-product-6.webp?src=https%3A%2F%2Fstatic.markaz.app%2Fpakistan%2Fproducts%2F2361-49-759105-product-6.webp,"Kemei KM-034 Professional Hair Clipper – Cordless Rechargeable Hair & Beard Trimmer with Digital Display, Stainless Steel T-Blade & Powerful Motor",
kemei-km-034-professional-hair-clipper-cordless-rechargeable-hair-beard-trimmer-with-digital-display-stainless-steel-t-blade-powerful-motor-mkz-759105,,,,,,,,,,,,,,,,,https://www.markaz.app/api/export/image/2361-49-759105-product-7.webp?src=https%3A%2F%2Fstatic.markaz.app%2Fpakistan%2Fproducts%2F2361-49-759105-product-7.webp,"Kemei KM-034 Professional Hair Clipper – Cordless Rechargeable Hair & Beard Trimmer with Digital Display, Stainless Steel T-Blade & Powerful Motor",
kemei-km-1742-professional-hair-trimmer-rechargeable-cordless-beard-hair-clipper-with-led-power-display-mkz-759107,Kemei KM-1742 Professional Hair Trimmer – Rechargeable Cordless Beard & Hair Clipper with LED Power Display,"<p>Upgrade your daily grooming routine with the Kemei KM-1742 Professional Hair Trimmer. Designed for men who want a clean, stylish and professional look at home, this rechargeable trimmer combines a powerful motor, sharp stainless-steel blades and a convenient LED power display.  Its ergonomic body provides a comfortable grip and better control while trimming hair, beard, mustache, sideburns and nec</p><ul><li>Material: ABS Plastic</li><li>Model Number: Model Number</li><li>Number of Blades: 1</li><li>Gender: Men's</li><li>Color: Black, Golden</li><li>Speed Settings: High/Low</li><li>Product Feature: Comfortable Grip and Ergonomics Design</li><li>Package Includes: 1 x Hair Trimmer</li><li>Battery Capacity: 800 mAh</li><li>Standby Time: 2 Hours</li><li>Voltage: 3.7 Volts</li><li>Watts: 2 Watt</li><li>Pack Of 1</li><li>? Professional Kemei KM-1742 Design</li><li>?? Sharp Stainless-Steel Precision Blade</li><li>? 600mAh Rechargeable Battery</li><li>? LED Digital Power Display</li><li>? Powerful High-Speed Motor</li><li>? Convenient USB Charging</li><li>? Multiple Guide Combs for Different Lengths</li></ul><p>Delivered across Pakistan with cash on delivery.</p><p><a href=""https://www.markaz.app/shop/product/kemei-km-1742-professional-hair-trimmer-rechargeable-cordless-beard-hair-clipper-with-led-power-display/759107?ref=mkzx-d071d315-8f19-53d4-9d7d-9c3ca5a8fdb8"">View this product on Markaz</a></p>",,Hair Trimmer,"Cosmetics, Shavers & Trimmers",FALSE,Color,Black,MKZ-759107-759107001,0,,,continue,manual,4574,TRUE,https://www.markaz.app/api/export/image/2361-49-759107-product-1.webp?src=https%3A%2F%2Fstatic.markaz.app%2Fpakistan%2Fproducts%2F2361-49-759107-product-1.webp,Kemei KM-1742 Professional Hair Trimmer – Rechargeable Cordless Beard & Hair Clipper with LED Power Display,draft
kemei-km-1742-professional-hair-trimmer-rechargeable-cordless-beard-hair-clipper-with-led-power-display-mkz-759107,,,,,,,,Golden,MKZ-759107-759107002,0,,,continue,manual,4574,TRUE,,,
kemei-km-1742-professional-hair-trimmer-rechargeable-cordless-beard-hair-clipper-with-led-power-display-mkz-759107,,,,,,,,,,,,,,,,,https://www.markaz.app/api/export/image/2361-49-759107-product-2.webp?src=https%3A%2F%2Fstatic.markaz.app%2Fpakistan%2Fproducts%2F2361-49-759107-product-2.webp,Kemei KM-1742 Professional Hair Trimmer – Rechargeable Cordless Beard & Hair Clipper with LED Power Display,
kemei-km-1742-professional-hair-trimmer-rechargeable-cordless-beard-hair-clipper-with-led-power-display-mkz-759107,,,,,,,,,,,,,,,,,https://www.markaz.app/api/export/image/2361-49-759107-product-3.webp?src=https%3A%2F%2Fstatic.markaz.app%2Fpakistan%2Fproducts%2F2361-49-759107-product-3.webp,Kemei KM-1742 Professional Hair Trimmer – Rechargeable Cordless Beard & Hair Clipper with LED Power Display,
kemei-km-1742-professional-hair-trimmer-rechargeable-cordless-beard-hair-clipper-with-led-power-display-mkz-759107,,,,,,,,,,,,,,,,,https://www.markaz.app/api/export/image/2361-49-759107-product-4.webp?src=https%3A%2F%2Fstatic.markaz.app%2Fpakistan%2Fproducts%2F2361-49-759107-product-4.webp,Kemei KM-1742 Professional Hair Trimmer – Rechargeable Cordless Beard & Hair Clipper with LED Power Display,
kemei-km-1742-professional-hair-trimmer-rechargeable-cordless-beard-hair-clipper-with-led-power-display-mkz-759107,,,,,,,,,,,,,,,,,https://www.markaz.app/api/export/image/2361-49-759107-product-5.webp?src=https%3A%2F%2Fstatic.markaz.app%2Fpakistan%2Fproducts%2F2361-49-759107-product-5.webp,Kemei KM-1742 Professional Hair Trimmer – Rechargeable Cordless Beard & Hair Clipper with LED Power Display,
kemei-km-1742-professional-hair-trimmer-rechargeable-cordless-beard-hair-clipper-with-led-power-display-mkz-759107,,,,,,,,,,,,,,,,,https://www.markaz.app/api/export/image/2361-49-759107-product-6.webp?src=https%3A%2F%2Fstatic.markaz.app%2Fpakistan%2Fproducts%2F2361-49-759107-product-6.webp,Kemei KM-1742 Professional Hair Trimmer – Rechargeable Cordless Beard & Hair Clipper with LED Power Display,
kemei-km-1742-professional-hair-trimmer-rechargeable-cordless-beard-hair-clipper-with-led-power-display-mkz-759107,,,,,,,,,,,,,,,,,https://www.markaz.app/api/export/image/2361-49-759107-product-7.webp?src=https%3A%2F%2Fstatic.markaz.app%2Fpakistan%2Fproducts%2F2361-49-759107-product-7.webp,Kemei KM-1742 Professional Hair Trimmer – Rechargeable Cordless Beard & Hair Clipper with LED Power Display,
kemei-km-519a-professional-hair-clipper-lcd-digital-display-1200mah-rechargeable-battery-usb-charging-precision-blade-mkz-759377,"Kemei KM-519A Professional Hair Clipper – LCD Digital Display, 1200mAh Rechargeable Battery, USB Charging & Precision Blade","<p>Upgrade your grooming experience with the Kemei KM-519A Professional Hair Clipper, specially designed for smooth, precise and comfortable hair cutting, trimming and beard grooming. Its engraving precision blade provides accurate cutting performance, while the built-in LCD digital display allows you to easily monitor the clipper status during use.  Powered by a 1200mAh rechargeable battery, this co</p><ul><li>Material: ABS Plastic</li><li>Model Number: Model Number</li><li>Number of Blades: 1</li><li>Gender: Men's</li><li>Color: Black, Orange</li><li>Speed Settings: High/Low</li><li>Product Feature: Comfortable Grip and Ergonomics Design</li><li>Package Includes: 1 x Hair Trimmer</li><li>Battery Capacity: 1200 mAh</li><li>Standby Time: 4 Hours</li><li>Voltage: 5 Volts</li><li>Watts: 5 Watt</li><li>Pack Of 1</li><li>?? Professional Precision Blade – Designed for accurate and smooth hair cutting and trimming.</li><li>? LCD Digital Display – Convenient digital screen helps you monitor the clipper during use.</li><li>? 1200mAh Rechargeable Battery – Built-in rechargeable battery provides convenient cordless grooming.</li><li>? USB Charging – Easy and convenient charging through USB.</li><li>? Ergonomic Design – Comfortable shape makes the clipper easy to hold and operate.</li><li>? Smooth &amp; Comfortable Grooming – Suitable for regular hair and beard maintenance.</li><li>? Professional &amp; Home Use – Ideal for barbers, salons and personal grooming.</li></ul><p>Delivered across Pakistan with cash on delivery.</p><p><a href=""https://www.markaz.app/shop/product/kemei-km-519a-professional-hair-clipper-lcd-digital-display-1200mah-rechargeable-battery-usb-charging-precision-blade/759377?ref=mkzx-d071d315-8f19-53d4-9d7d-9c3ca5a8fdb8"">View this product on Markaz</a></p>",,Hair Trimmer,"Cosmetics, Shavers & Trimmers",FALSE,Color,Black,MKZ-759377-759377001,0,,,continue,manual,5259,TRUE,https://www.markaz.app/api/export/image/2361-49-759377-product-1.webp?src=https%3A%2F%2Fstatic.markaz.app%2Fpakistan%2Fproducts%2F2361-49-759377-product-1.webp,"Kemei KM-519A Professional Hair Clipper – LCD Digital Display, 1200mAh Rechargeable Battery, USB Charging & Precision Blade",draft
kemei-km-519a-professional-hair-clipper-lcd-digital-display-1200mah-rechargeable-battery-usb-charging-precision-blade-mkz-759377,,,,,,,,Orange,MKZ-759377-759377002,0,,,continue,manual,5259,TRUE,,,
kemei-km-519a-professional-hair-clipper-lcd-digital-display-1200mah-rechargeable-battery-usb-charging-precision-blade-mkz-759377,,,,,,,,,,,,,,,,,https://www.markaz.app/api/export/image/2361-49-759377-product-2.webp?src=https%3A%2F%2Fstatic.markaz.app%2Fpakistan%2Fproducts%2F2361-49-759377-product-2.webp,"Kemei KM-519A Professional Hair Clipper – LCD Digital Display, 1200mAh Rechargeable Battery, USB Charging & Precision Blade",
kemei-km-519a-professional-hair-clipper-lcd-digital-display-1200mah-rechargeable-battery-usb-charging-precision-blade-mkz-759377,,,,,,,,,,,,,,,,,https://www.markaz.app/api/export/image/2361-49-759377-product-3.webp?src=https%3A%2F%2Fstatic.markaz.app%2Fpakistan%2Fproducts%2F2361-49-759377-product-3.webp,"Kemei KM-519A Professional Hair Clipper – LCD Digital Display, 1200mAh Rechargeable Battery, USB Charging & Precision Blade",
kemei-km-519a-professional-hair-clipper-lcd-digital-display-1200mah-rechargeable-battery-usb-charging-precision-blade-mkz-759377,,,,,,,,,,,,,,,,,https://www.markaz.app/api/export/image/2361-49-759377-product-4.webp?src=https%3A%2F%2Fstatic.markaz.app%2Fpakistan%2Fproducts%2F2361-49-759377-product-4.webp,"Kemei KM-519A Professional Hair Clipper – LCD Digital Display, 1200mAh Rechargeable Battery, USB Charging & Precision Blade",
kemei-km-519a-professional-hair-clipper-lcd-digital-display-1200mah-rechargeable-battery-usb-charging-precision-blade-mkz-759377,,,,,,,,,,,,,,,,,https://www.markaz.app/api/export/image/2361-49-759377-product-5.webp?src=https%3A%2F%2Fstatic.markaz.app%2Fpakistan%2Fproducts%2F2361-49-759377-product-5.webp,"Kemei KM-519A Professional Hair Clipper – LCD Digital Display, 1200mAh Rechargeable Battery, USB Charging & Precision Blade",
kemei-km-519a-professional-hair-clipper-lcd-digital-display-1200mah-rechargeable-battery-usb-charging-precision-blade-mkz-759377,,,,,,,,,,,,,,,,,https://www.markaz.app/api/export/image/2361-49-759377-product-6.webp?src=https%3A%2F%2Fstatic.markaz.app%2Fpakistan%2Fproducts%2F2361-49-759377-product-6.webp,"Kemei KM-519A Professional Hair Clipper – LCD Digital Display, 1200mAh Rechargeable Battery, USB Charging & Precision Blade",
kemei-km-519a-professional-hair-clipper-lcd-digital-display-1200mah-rechargeable-battery-usb-charging-precision-blade-mkz-759377,,,,,,,,,,,,,,,,,https://www.markaz.app/api/export/image/2361-49-759377-product-7.webp?src=https%3A%2F%2Fstatic.markaz.app%2Fpakistan%2Fproducts%2F2361-49-759377-product-7.webp,"Kemei KM-519A Professional Hair Clipper – LCD Digital Display, 1200mAh Rechargeable Battery, USB Charging & Precision Blade",
vgr-v-949-professional-hair-nose-trimmer-set-1200mah-lithium-battery-stainless-steel-blades-ipx6-waterproof-mkz-759428,"VGR V-949 Professional Hair & Nose Trimmer Set – 1200mAh Lithium Battery, Stainless Steel Blades, IPX6 Waterproof","<p>Get a clean, sharp and professional grooming experience with the VGR V-949 Hair &amp; Nose Trimmer Set. Designed for convenient everyday grooming, this trimmer features stainless steel blades, a powerful 1200mAh lithium battery, and an IPX6 waterproof nose-trimmer design. Its stylish and comfortable design makes it suitable for beard, hair and nose grooming at home or while travelling.</p><ul><li>Material: ABS Plastic</li><li>Model Number: Model Number</li><li>Number of Blades: 1</li><li>Gender: Men's</li><li>Color: Blue, Silver</li><li>Speed Settings: High/Low</li><li>Product Feature: Comfortable Grip and Ergonomics Design</li><li>Package Includes: 1 x Hair Trimmer</li><li>Battery Capacity: 1200 mAh</li><li>Standby Time: 4 Hours</li><li>Voltage: 5 Volts</li><li>Watts: 5 Watt</li><li>Pack Of 1</li><li>? VGR V-949 Hair &amp; Nose Trimmer Set</li><li>? 1200mAh Rechargeable Lithium Battery</li><li>?? Sharp Stainless Steel Blades</li><li>? Dedicated Nose Hair Trimmer</li><li>? IPX6 Waterproof Nose Trimmer</li><li>? Rechargeable &amp; Convenient Cordless Operation</li><li>? Suitable for everyday personal grooming</li></ul><p>Delivered across Pakistan with cash on delivery.</p><p><a href=""https://www.markaz.app/shop/product/vgr-v-949-professional-hair-nose-trimmer-set-1200mah-lithium-battery-stainless-steel-blades-ipx6-waterproof/759428?ref=mkzx-d071d315-8f19-53d4-9d7d-9c3ca5a8fdb8"">View this product on Markaz</a></p>",,Hair Trimmer,"Cosmetics, Shavers & Trimmers",FALSE,Color,Blue,MKZ-759428-759428001,0,,,continue,manual,5533,TRUE,https://www.markaz.app/api/export/image/2361-49-759428-product-1.webp?src=https%3A%2F%2Fstatic.markaz.app%2Fpakistan%2Fproducts%2F2361-49-759428-product-1.webp,"VGR V-949 Professional Hair & Nose Trimmer Set – 1200mAh Lithium Battery, Stainless Steel Blades, IPX6 Waterproof",draft
vgr-v-949-professional-hair-nose-trimmer-set-1200mah-lithium-battery-stainless-steel-blades-ipx6-waterproof-mkz-759428,,,,,,,,Silver,MKZ-759428-759428002,0,,,continue,manual,5533,TRUE,,,
vgr-v-949-professional-hair-nose-trimmer-set-1200mah-lithium-battery-stainless-steel-blades-ipx6-waterproof-mkz-759428,,,,,,,,,,,,,,,,,https://www.markaz.app/api/export/image/2361-49-759428-product-2.webp?src=https%3A%2F%2Fstatic.markaz.app%2Fpakistan%2Fproducts%2F2361-49-759428-product-2.webp,"VGR V-949 Professional Hair & Nose Trimmer Set – 1200mAh Lithium Battery, Stainless Steel Blades, IPX6 Waterproof",
vgr-v-949-professional-hair-nose-trimmer-set-1200mah-lithium-battery-stainless-steel-blades-ipx6-waterproof-mkz-759428,,,,,,,,,,,,,,,,,https://www.markaz.app/api/export/image/2361-49-759428-product-3.webp?src=https%3A%2F%2Fstatic.markaz.app%2Fpakistan%2Fproducts%2F2361-49-759428-product-3.webp,"VGR V-949 Professional Hair & Nose Trimmer Set – 1200mAh Lithium Battery, Stainless Steel Blades, IPX6 Waterproof",
vgr-v-949-professional-hair-nose-trimmer-set-1200mah-lithium-battery-stainless-steel-blades-ipx6-waterproof-mkz-759428,,,,,,,,,,,,,,,,,https://www.markaz.app/api/export/image/2361-49-759428-product-4.webp?src=https%3A%2F%2Fstatic.markaz.app%2Fpakistan%2Fproducts%2F2361-49-759428-product-4.webp,"VGR V-949 Professional Hair & Nose Trimmer Set – 1200mAh Lithium Battery, Stainless Steel Blades, IPX6 Waterproof",
vgr-v-949-professional-hair-nose-trimmer-set-1200mah-lithium-battery-stainless-steel-blades-ipx6-waterproof-mkz-759428,,,,,,,,,,,,,,,,,https://www.markaz.app/api/export/image/2361-49-759428-product-5.webp?src=https%3A%2F%2Fstatic.markaz.app%2Fpakistan%2Fproducts%2F2361-49-759428-product-5.webp,"VGR V-949 Professional Hair & Nose Trimmer Set – 1200mAh Lithium Battery, Stainless Steel Blades, IPX6 Waterproof",
vgr-v-949-professional-hair-nose-trimmer-set-1200mah-lithium-battery-stainless-steel-blades-ipx6-waterproof-mkz-759428,,,,,,,,,,,,,,,,,https://www.markaz.app/api/export/image/2361-49-759428-product-6.webp?src=https%3A%2F%2Fstatic.markaz.app%2Fpakistan%2Fproducts%2F2361-49-759428-product-6.webp,"VGR V-949 Professional Hair & Nose Trimmer Set – 1200mAh Lithium Battery, Stainless Steel Blades, IPX6 Waterproof",
vgr-v-949-professional-hair-nose-trimmer-set-1200mah-lithium-battery-stainless-steel-blades-ipx6-waterproof-mkz-759428,,,,,,,,,,,,,,,,,https://www.markaz.app/api/export/image/2361-49-759428-product-7.webp?src=https%3A%2F%2Fstatic.markaz.app%2Fpakistan%2Fproducts%2F2361-49-759428-product-7.webp,"VGR V-949 Professional Hair & Nose Trimmer Set – 1200mAh Lithium Battery, Stainless Steel Blades, IPX6 Waterproof",
kemei-km-t99-professional-hair-trimmer-1200mah-rechargeable-t-blade-hair-clipper-beard-trimmer-mkz-758503,Kemei KM-T99 Professional Hair Trimmer – 1200mAh Rechargeable T-Blade Hair Clipper & Beard Trimmer,"<p>The Kemei KM-T99 combines premium retro styling with practical grooming performance. Its sharp T-Blade is suitable for close trimming, outlining and detailing, while the ergonomic body provides a comfortable grip during use. The rechargeable battery offers up to approximately 120 minutes of working time, making it convenient for regular grooming and professional use.</p><ul><li>Material: ABS Plastic</li><li>Model Number: Model Number</li><li>Number of Blades: 1</li><li>Gender: Men's</li><li>Color: Black, Golden</li><li>Speed Settings: High/Low</li><li>Product Feature: Comfortable Grip and Ergonomics Design</li><li>Package Includes: 1 x Hair Trimmer</li><li>Battery Capacity: 1200 mAh</li><li>Standby Time: 2 Hours</li><li>Voltage: 5 Volts</li><li>Watts: 5 Watt</li><li>Pack Of 1</li><li>Professional T-Blade for precise trimming</li><li>Retro engraved metal design</li><li>Powerful motor for smooth performance</li><li>1200mAh rechargeable lithium battery</li><li>USB rechargeable design</li><li>Approximately 120 minutes working time</li><li>Suitable for hair, beard and moustache</li></ul><p>Delivered across Pakistan with cash on delivery.</p><p><a href=""https://www.markaz.app/shop/product/kemei-km-t99-professional-hair-trimmer-1200mah-rechargeable-t-blade-hair-clipper-beard-trimmer/758503?ref=mkzx-d071d315-8f19-53d4-9d7d-9c3ca5a8fdb8"">View this product on Markaz</a></p>",,Hair Trimmer,"Cosmetics, Shavers & Trimmers",FALSE,Color,Black,MKZ-758503-758503001,0,,,continue,manual,3478,TRUE,https://www.markaz.app/api/export/image/2361-49-758503-product-1.webp?src=https%3A%2F%2Fstatic.markaz.app%2Fpakistan%2Fproducts%2F2361-49-758503-product-1.webp,Kemei KM-T99 Professional Hair Trimmer – 1200mAh Rechargeable T-Blade Hair Clipper & Beard Trimmer,draft
kemei-km-t99-professional-hair-trimmer-1200mah-rechargeable-t-blade-hair-clipper-beard-trimmer-mkz-758503,,,,,,,,Golden,MKZ-758503-758503002,0,,,continue,manual,3478,TRUE,,,
kemei-km-t99-professional-hair-trimmer-1200mah-rechargeable-t-blade-hair-clipper-beard-trimmer-mkz-758503,,,,,,,,,,,,,,,,,https://www.markaz.app/api/export/image/2361-49-758503-product-2.webp?src=https%3A%2F%2Fstatic.markaz.app%2Fpakistan%2Fproducts%2F2361-49-758503-product-2.webp,Kemei KM-T99 Professional Hair Trimmer – 1200mAh Rechargeable T-Blade Hair Clipper & Beard Trimmer,
kemei-km-t99-professional-hair-trimmer-1200mah-rechargeable-t-blade-hair-clipper-beard-trimmer-mkz-758503,,,,,,,,,,,,,,,,,https://www.markaz.app/api/export/image/2361-49-758503-product-3.webp?src=https%3A%2F%2Fstatic.markaz.app%2Fpakistan%2Fproducts%2F2361-49-758503-product-3.webp,Kemei KM-T99 Professional Hair Trimmer – 1200mAh Rechargeable T-Blade Hair Clipper & Beard Trimmer,
kemei-km-t99-professional-hair-trimmer-1200mah-rechargeable-t-blade-hair-clipper-beard-trimmer-mkz-758503,,,,,,,,,,,,,,,,,https://www.markaz.app/api/export/image/2361-49-758503-product-4.webp?src=https%3A%2F%2Fstatic.markaz.app%2Fpakistan%2Fproducts%2F2361-49-758503-product-4.webp,Kemei KM-T99 Professional Hair Trimmer – 1200mAh Rechargeable T-Blade Hair Clipper & Beard Trimmer,
kemei-km-t99-professional-hair-trimmer-1200mah-rechargeable-t-blade-hair-clipper-beard-trimmer-mkz-758503,,,,,,,,,,,,,,,,,https://www.markaz.app/api/export/image/2361-49-758503-product-5.webp?src=https%3A%2F%2Fstatic.markaz.app%2Fpakistan%2Fproducts%2F2361-49-758503-product-5.webp,Kemei KM-T99 Professional Hair Trimmer – 1200mAh Rechargeable T-Blade Hair Clipper & Beard Trimmer,
kemei-km-t99-professional-hair-trimmer-1200mah-rechargeable-t-blade-hair-clipper-beard-trimmer-mkz-758503,,,,,,,,,,,,,,,,,https://www.markaz.app/api/export/image/2361-49-758503-product-6.webp?src=https%3A%2F%2Fstatic.markaz.app%2Fpakistan%2Fproducts%2F2361-49-758503-product-6.webp,Kemei KM-T99 Professional Hair Trimmer – 1200mAh Rechargeable T-Blade Hair Clipper & Beard Trimmer,
kemei-km-1400-professional-electric-hair-clipper-heavy-duty-corded-hair-cutting-machine-mkz-757914,Kemei KM-1400 Professional Electric Hair Clipper – Heavy Duty Corded Hair Cutting Machine,"<p>Kemei KM-1400 professional clipper precision hair cutting ke liye designed hai. Adjustable stainless-steel blade approximately 0.1–3 mm cutting range provide karta hai aur 2 guide combs different hair lengths ke liye included hain. Safe cutting head aur ergonomic design isay professional barbers aur home users ke liye practical choice banate hain. Yeh 220–240V direct electric/corded operation par</p><ul><li>Material: ABS Plastic</li><li>Model Number: Model Number</li><li>Number of Blades: 1</li><li>Gender: Men's</li><li>Color: Pink, White</li><li>Speed Settings: High/Low</li><li>Product Feature: Comfortable Grip and Ergonomics Design</li><li>Package Includes: 1 x Hair Trimmer</li><li>Voltage: 240 Volts</li><li>Watts: 100 Watt</li><li>Pack Of 1</li><li>Professional Kemei KM-1400 Hair Clipper</li><li>Corded / Direct Electric Operation</li><li>Stainless-Steel Adjustable Blade</li><li>Adjustable Cutting Length: 0.1–3 mm</li><li>2 Guide Combs Included</li><li>Lock-In Length Settings</li><li>Safe Cutting Head</li><li>Suitable for Barbers &amp; Home Use</li><li>No Battery Charging Required</li></ul><p>Delivered across Pakistan with cash on delivery.</p><p><a href=""https://www.markaz.app/shop/product/kemei-km-1400-professional-electric-hair-clipper-heavy-duty-corded-hair-cutting-machine/757914?ref=mkzx-d071d315-8f19-53d4-9d7d-9c3ca5a8fdb8"">View this product on Markaz</a></p>",,Hair Trimmer,"Cosmetics, Shavers & Trimmers",FALSE,Color,Pink,MKZ-757914-757914001,0,,,continue,manual,5533,TRUE,https://www.markaz.app/api/export/image/2361-49-757914-product-1.webp?src=https%3A%2F%2Fstatic.markaz.app%2Fpakistan%2Fproducts%2F2361-49-757914-product-1.webp,Kemei KM-1400 Professional Electric Hair Clipper – Heavy Duty Corded Hair Cutting Machine,draft
kemei-km-1400-professional-electric-hair-clipper-heavy-duty-corded-hair-cutting-machine-mkz-757914,,,,,,,,White,MKZ-757914-757914002,0,,,continue,manual,5533,TRUE,,,
kemei-km-1400-professional-electric-hair-clipper-heavy-duty-corded-hair-cutting-machine-mkz-757914,,,,,,,,,,,,,,,,,https://www.markaz.app/api/export/image/2361-49-757914-product-2.webp?src=https%3A%2F%2Fstatic.markaz.app%2Fpakistan%2Fproducts%2F2361-49-757914-product-2.webp,Kemei KM-1400 Professional Electric Hair Clipper – Heavy Duty Corded Hair Cutting Machine,
kemei-km-1400-professional-electric-hair-clipper-heavy-duty-corded-hair-cutting-machine-mkz-757914,,,,,,,,,,,,,,,,,https://www.markaz.app/api/export/image/2361-49-757914-product-3.webp?src=https%3A%2F%2Fstatic.markaz.app%2Fpakistan%2Fproducts%2F2361-49-757914-product-3.webp,Kemei KM-1400 Professional Electric Hair Clipper – Heavy Duty Corded Hair Cutting Machine,
kemei-km-1400-professional-electric-hair-clipper-heavy-duty-corded-hair-cutting-machine-mkz-757914,,,,,,,,,,,,,,,,,https://www.markaz.app/api/export/image/2361-49-757914-product-4.webp?src=https%3A%2F%2Fstatic.markaz.app%2Fpakistan%2Fproducts%2F2361-49-757914-product-4.webp,Kemei KM-1400 Professional Electric Hair Clipper – Heavy Duty Corded Hair Cutting Machine,
kemei-km-1400-professional-electric-hair-clipper-heavy-duty-corded-hair-cutting-machine-mkz-757914,,,,,,,,,,,,,,,,,https://www.markaz.app/api/export/image/2361-49-757914-product-5.webp?src=https%3A%2F%2Fstatic.markaz.app%2Fpakistan%2Fproducts%2F2361-49-757914-product-5.webp,Kemei KM-1400 Professional Electric Hair Clipper – Heavy Duty Corded Hair Cutting Machine,
kemei-km-1400-professional-electric-hair-clipper-heavy-duty-corded-hair-cutting-machine-mkz-757914,,,,,,,,,,,,,,,,,https://www.markaz.app/api/export/image/2361-49-757914-product-6.webp?src=https%3A%2F%2Fstatic.markaz.app%2Fpakistan%2Fproducts%2F2361-49-757914-product-6.webp,Kemei KM-1400 Professional Electric Hair Clipper – Heavy Duty Corded Hair Cutting Machine,
kemei-3-in-1-rechargeable-beard-trimmer-kit-blue-km-6331-mkz-85136,Kemei 3-in-1 Rechargeable Beard Trimmer Kit Blue KM-6331,"<p>Perfect for Pakistani men who demand precision and style, this Kemei 3-in-1 grooming kit delivers premium quality grooming without the hassle. Whether you’re trimming your beard, shaping your hair, or cleaning up nose and ear hair, this stylish and durable tool ensures you look sharp for weddings, offices, or daily outings. Its sleek blue and black ABS alloy design is built to last, making it ideal for the busy lifestyle of modern Pakistanis.</p><p>This rechargeable grooming kit is crafted with sharp, high-performance blades and a powerful motor for smooth, clean cuts every time. The durable ABS alloy construction resists daily wear and tear, ensuring long-term reliability. With an 8-hour charge and up to 60 minutes of cordless use, it’s perfect for home, travel, or on-the-go grooming. The compact, ergonomic design fits comfortably in your hand, while the included cleaning brush and oil bottle keep blades running smoothly.</p><p>- Rechargeable with 8-hour charge and 60-minute runtime</p><p>- Durable ABS alloy construction for long-lasting use</p><p>- Sharp blades for precise trimming and shaving</p><p>- Includes nose, body, and wide hair trimmer attachments</p><p>- Comes with cleaning brush and oil bottle for maintenance</p><p>- Stylish blue and black design for modern Pakistani men</p><ul><li>Material: ABS Alloy</li><li>Model: KM-6331</li><li>Product Features: Sharp Blades And Cutting, Fast Charging, Strong Driving Force Zero Oil Head Design, Hair Trimmer, Nose Hair Trimmer, Ear Hair Trimmer Shaver</li><li>Charging Time: 8 Hours</li><li>Duration Of Use: 60 Minutes</li><li>Package Includes: 1 x Trimming Machine, 1 x Cleaning Brush, 1 x Oil Bottle, 1 x Charging Cable</li><li>Note: Please ensure to follow the instructions provided in the user manual for proper usage and safety precautions</li><li>Product Code: MZ15300074WZRSP</li></ul><p>Delivered across Pakistan with cash on delivery.</p><p><a href=""https://www.markaz.app/shop/product/kemei-3-in-1-rechargeable-beard-trimmer-kit-blue-km-6331/85136?ref=mkzx-d071d315-8f19-53d4-9d7d-9c3ca5a8fdb8"">View this product on Markaz</a></p>",,Hair Shaver,"Cosmetics, Shavers & Trimmers",FALSE,Size,Standard size,MKZ-85136-85136001,0,,,continue,manual,2584,TRUE,https://www.markaz.app/api/export/image/163-14078-85136-product-3.jpg?src=https%3A%2F%2Fstatic.markaz.app%2Fpakistan%2Fproducts%2F163-14078-85136-product-3.jpg,Kemei 3-in-1 Rechargeable Beard Trimmer Kit Blue KM-6331,draft
kemei-3-in-1-rechargeable-beard-trimmer-kit-blue-km-6331-mkz-85136,,,,,,,,,,,,,,,,,https://www.markaz.app/api/export/image/163-14078-85136-product-1.jpg?src=https%3A%2F%2Fstatic.markaz.app%2Fpakistan%2Fproducts%2F163-14078-85136-product-1.jpg,Kemei 3-in-1 Rechargeable Beard Trimmer Kit Blue KM-6331,
kemei-3-in-1-rechargeable-beard-trimmer-kit-blue-km-6331-mkz-85136,,,,,,,,,,,,,,,,,https://www.markaz.app/api/export/image/163-14078-85136-product-2.jpg?src=https%3A%2F%2Fstatic.markaz.app%2Fpakistan%2Fproducts%2F163-14078-85136-product-2.jpg,Kemei 3-in-1 Rechargeable Beard Trimmer Kit Blue KM-6331,
keratin-protect-hair-straightener-tourmaline-ceramic-plates-model-r-2152-mkz-734376,Keratin Protect Hair Straightener Tourmaline Ceramic Plates Model R-2152,"<p>This Keratin Protect Hair Straightener features Tourmaline Ceramic Plates for intelligent temperature control and smooth salon quality results. It is designed with low noise and safe features.</p><p>This hair straightener is for those seeking professional results at home. It helps achieve smooth, shiny, and long-lasting straight hair.</p><p>- Keratin Protect Hair Straightener</p><p>- Tourmaline Ceramic Plates</p><p>- Intelligent Temperature Control</p><p>- Smooth Salon Quality</p><p>- Low Noise &amp; Safe</p><ul><li>Material: Ceramic Tourmaline</li><li>Product Feature: Intelligent Temperature Control, Smooth Salon Quality, Low Noise &amp; Safe</li><li>Package Includes: 1 x Hair Straightener</li><li>Keratin Protect Hair Straightener with Tourmaline Ceramic Plates, fast heating technology, and anti-frizz protection. Helps achieve smooth, shiny, and long-lasting straight hair while protecting hair from damage. Perfect for salon-style results at home. ?????</li><li>Note: Before using any new cosmetic product, perform a patch test on a small skin area. Verify ingredients for allergies and follow package warnings and directions.</li><li>Product Code: MZ75500000340AZFNMT</li></ul><p>Delivered across Pakistan with cash on delivery.</p><p><a href=""https://www.markaz.app/shop/product/keratin-protect-hair-straightener-tourmaline-ceramic-plates-model-r-2152/734376?ref=mkzx-d071d315-8f19-53d4-9d7d-9c3ca5a8fdb8"">View this product on Markaz</a></p>",,Hair Straightener,"Cosmetics, Curlers & Straighteners",FALSE,Size,Standard Size,MKZ-734376-734376001,0,,,continue,manual,4507,TRUE,https://www.markaz.app/api/export/image/755-404-734376-product-1.webp?src=https%3A%2F%2Fstatic.markaz.app%2Fpakistan%2Fproducts%2F755-404-734376-product-1.webp,Keratin Protect Hair Straightener Tourmaline Ceramic Plates Model R-2152,draft
keratin-protect-hair-straightener-tourmaline-ceramic-plates-model-r-2152-mkz-734376,,,,,,,,,,,,,,,,,https://www.markaz.app/api/export/image/755-404-734376-product-2.webp?src=https%3A%2F%2Fstatic.markaz.app%2Fpakistan%2Fproducts%2F755-404-734376-product-2.webp,Keratin Protect Hair Straightener Tourmaline Ceramic Plates Model R-2152,
keratin-protect-hair-straightener-tourmaline-ceramic-plates-model-r-2152-mkz-734376,,,,,,,,,,,,,,,,,https://www.markaz.app/api/export/image/755-404-734376-product-3.webp?src=https%3A%2F%2Fstatic.markaz.app%2Fpakistan%2Fproducts%2F755-404-734376-product-3.webp,Keratin Protect Hair Straightener Tourmaline Ceramic Plates Model R-2152,
keratin-protect-hair-straightener-tourmaline-ceramic-plates-model-r-2152-mkz-734376,,,,,,,,,,,,,,,,,https://www.markaz.app/api/export/image/755-404-734376-product-4.webp?src=https%3A%2F%2Fstatic.markaz.app%2Fpakistan%2Fproducts%2F755-404-734376-product-4.webp,Keratin Protect Hair Straightener Tourmaline Ceramic Plates Model R-2152,
keratin-protect-hair-straightener-tourmaline-ceramic-plates-model-r-2152-mkz-734376,,,,,,,,,,,,,,,,,https://www.markaz.app/api/export/image/755-404-734376-product-5.webp?src=https%3A%2F%2Fstatic.markaz.app%2Fpakistan%2Fproducts%2F755-404-734376-product-5.webp,Keratin Protect Hair Straightener Tourmaline Ceramic Plates Model R-2152,
keratin-protect-hair-straightener-tourmaline-ceramic-plates-model-r-2152-mkz-734376,,,,,,,,,,,,,,,,,https://www.markaz.app/api/export/image/755-404-734376-product-6.webp?src=https%3A%2F%2Fstatic.markaz.app%2Fpakistan%2Fproducts%2F755-404-734376-product-6.webp,Keratin Protect Hair Straightener Tourmaline Ceramic Plates Model R-2152,
keratin-protect-hair-straightener-tourmaline-ceramic-plates-model-r-2152-mkz-734376,,,,,,,,,,,,,,,,,https://www.markaz.app/api/export/image/755-404-734376-product-7.webp?src=https%3A%2F%2Fstatic.markaz.app%2Fpakistan%2Fproducts%2F755-404-734376-product-7.webp,Keratin Protect Hair Straightener Tourmaline Ceramic Plates Model R-2152,
keratin-protect-hair-straightener-tourmaline-ceramic-plates-model-r-2152-mkz-734376,,,,,,,,,,,,,,,,,https://www.markaz.app/api/export/image/755-404-734376-product-8.webp?src=https%3A%2F%2Fstatic.markaz.app%2Fpakistan%2Fproducts%2F755-404-734376-product-8.webp,Keratin Protect Hair Straightener Tourmaline Ceramic Plates Model R-2152,
remington-pro-s-890-hair-straightener-curler-ceramic-coated-plates-mkz-734373,Remington Pro S-890 Hair Straightener & Curler Ceramic Coated Plates,"<p>The Remington Pro S-890 Hair Straightener &amp; Curler features ceramic-coated plates for smooth results. It offers intelligent temperature control and a 2 in 1 function.</p><p>This product is suitable for creating smooth straight styles and beautiful curls. It is designed for use in a salon-like manner.</p><p>- Ceramic coated plates</p><p>- Adjustable temperature control up to 220°C</p><p>- Fast heating</p><p>- LED display</p><p>- 360° swivel cord</p><ul><li>Material: Ceramic</li><li>Product Feature: Smooth Salon Quality, Intelligent Temperature Control, 2 In 1</li><li>Package Includes: 1 x Hair Straightener</li><li>Remington Pro S-890 Hair Straightener &amp; Curler with ceramic-coated plates, adjustable temperature up to 220°C, fast heating, LED display, and 360° swivel cord. Perfect for smooth straight styles and beautiful curls with salon-like results.</li><li>Note: Before using any new cosmetic product, perform a patch test on a small skin area. Verify ingredients for allergies and follow package warnings and directions.</li><li>Product Code: MZ75500000339AZFNMT</li></ul><p>Delivered across Pakistan with cash on delivery.</p><p><a href=""https://www.markaz.app/shop/product/remington-pro-s-890-hair-straightener-curler-ceramic-coated-plates/734373?ref=mkzx-d071d315-8f19-53d4-9d7d-9c3ca5a8fdb8"">View this product on Markaz</a></p>",,Hair Straightener,"Cosmetics, Curlers & Straighteners",FALSE,Size,Standard Size,MKZ-734373-734373001,0,,,continue,manual,4370,TRUE,https://www.markaz.app/api/export/image/755-404-734373-product-1.webp?src=https%3A%2F%2Fstatic.markaz.app%2Fpakistan%2Fproducts%2F755-404-734373-product-1.webp,Remington Pro S-890 Hair Straightener & Curler Ceramic Coated Plates,draft
remington-pro-s-890-hair-straightener-curler-ceramic-coated-plates-mkz-734373,,,,,,,,,,,,,,,,,https://www.markaz.app/api/export/image/755-404-734373-product-2.webp?src=https%3A%2F%2Fstatic.markaz.app%2Fpakistan%2Fproducts%2F755-404-734373-product-2.webp,Remington Pro S-890 Hair Straightener & Curler Ceramic Coated Plates,
remington-pro-s-890-hair-straightener-curler-ceramic-coated-plates-mkz-734373,,,,,,,,,,,,,,,,,https://www.markaz.app/api/export/image/755-404-734373-product-3.webp?src=https%3A%2F%2Fstatic.markaz.app%2Fpakistan%2Fproducts%2F755-404-734373-product-3.webp,Remington Pro S-890 Hair Straightener & Curler Ceramic Coated Plates,
remington-pro-s-890-hair-straightener-curler-ceramic-coated-plates-mkz-734373,,,,,,,,,,,,,,,,,https://www.markaz.app/api/export/image/755-404-734373-product-4.webp?src=https%3A%2F%2Fstatic.markaz.app%2Fpakistan%2Fproducts%2F755-404-734373-product-4.webp,Remington Pro S-890 Hair Straightener & Curler Ceramic Coated Plates,
remington-pro-s-890-hair-straightener-curler-ceramic-coated-plates-mkz-734373,,,,,,,,,,,,,,,,,https://www.markaz.app/api/export/image/755-404-734373-product-5.webp?src=https%3A%2F%2Fstatic.markaz.app%2Fpakistan%2Fproducts%2F755-404-734373-product-5.webp,Remington Pro S-890 Hair Straightener & Curler Ceramic Coated Plates,
remington-pro-s-890-hair-straightener-curler-ceramic-coated-plates-mkz-734373,,,,,,,,,,,,,,,,,https://www.markaz.app/api/export/image/755-404-734373-product-6.webp?src=https%3A%2F%2Fstatic.markaz.app%2Fpakistan%2Fproducts%2F755-404-734373-product-6.webp,Remington Pro S-890 Hair Straightener & Curler Ceramic Coated Plates,
remington-pro-s-890-hair-straightener-curler-ceramic-coated-plates-mkz-734373,,,,,,,,,,,,,,,,,https://www.markaz.app/api/export/image/755-404-734373-product-7.webp?src=https%3A%2F%2Fstatic.markaz.app%2Fpakistan%2Fproducts%2F755-404-734373-product-7.webp,Remington Pro S-890 Hair Straightener & Curler Ceramic Coated Plates,
remington-pro-s-890-hair-straightener-curler-ceramic-coated-plates-mkz-734373,,,,,,,,,,,,,,,,,https://www.markaz.app/api/export/image/755-404-734373-product-8.webp?src=https%3A%2F%2Fstatic.markaz.app%2Fpakistan%2Fproducts%2F755-404-734373-product-8.webp,Remington Pro S-890 Hair Straightener & Curler Ceramic Coated Plates,
remington-pro-s-890-hair-straightener-curler-ceramic-coated-plates-mkz-734373,,,,,,,,,,,,,,,,,https://www.markaz.app/api/export/image/755-404-734373-product-9.webp?src=https%3A%2F%2Fstatic.markaz.app%2Fpakistan%2Fproducts%2F755-404-734373-product-9.webp,Remington Pro S-890 Hair Straightener & Curler Ceramic Coated Plates,
remington-professional-hair-dryer-d-6005-mkz-734380,Remington Professional Hair Dryer D-6005,"<p>The Remington Professional Hair Dryer D-6005 features powerful airflow technology and multiple heat &amp; speed settings. It helps dry hair quickly while reducing frizz and enhancing shine.</p><p>This dryer is designed for everyday use, offering a lightweight and ergonomic design for comfortable styling. It is suitable for all hair types.</p><p>- 5000W Motor for Fast Drying</p><p>- 2 Speed Control Settings</p><p>- 3 Heat Temperature Levels</p><p>- Hot &amp; Cool Air Function</p><p>- Concentrator Nozzle for Precise Styling</p><ul><li>Material: ABS Plastic</li><li>Product Feature: Intelligent Temperature Control, Fast Drying, Smooth Salon Quality</li><li>Package Includes: 1 x Hair Dryer</li><li>Get salon-quality hair styling at home with the Professional Hair Dryer D-6005. Designed with powerful airflow technology and multiple heat &amp; speed settings, this dryer helps dry hair quickly while reducing frizz and enhancing shine. Its lightweight ergonomic design makes styling comfortable for everyday use.</li><li>Key Features</li><li>? Powerful 5000W Motor for Fast Drying</li><li>? 2 Speed Control Settings</li><li>? 3 Heat Temperature Levels</li><li>? Hot &amp; Cool Air Function</li><li>? Concentrator Nozzle for Precise Styling</li><li>? Lightweight &amp; Easy to Handle</li><li>? Overheat Protection Technology</li><li>? Low Noise Operation</li><li>? Suitable for All Hair Types</li><li>? Professional Salon-Style Results</li><li>Note: Before using any new cosmetic product, perform a patch test on a small skin area. Verify ingredients for allergies and follow package warnings and directions.</li><li>Product Code: MZ75500000343AZFNMT</li></ul><p>Delivered across Pakistan with cash on delivery.</p><p><a href=""https://www.markaz.app/shop/product/remington-professional-hair-dryer-d-6005/734380?ref=mkzx-d071d315-8f19-53d4-9d7d-9c3ca5a8fdb8"">View this product on Markaz</a></p>",,Hair Dryer,"Cosmetics, Hair Dryers",FALSE,Size,Standard Size,MKZ-734380-734380001,0,,,continue,manual,3747,TRUE,https://www.markaz.app/api/export/image/755-48-734380-product-1.webp?src=https%3A%2F%2Fstatic.markaz.app%2Fpakistan%2Fproducts%2F755-48-734380-product-1.webp,Remington Professional Hair Dryer D-6005,draft
remington-professional-hair-dryer-d-6005-mkz-734380,,,,,,,,,,,,,,,,,https://www.markaz.app/api/export/image/755-48-734380-product-2.webp?src=https%3A%2F%2Fstatic.markaz.app%2Fpakistan%2Fproducts%2F755-48-734380-product-2.webp,Remington Professional Hair Dryer D-6005,
remington-professional-hair-dryer-d-6005-mkz-734380,,,,,,,,,,,,,,,,,https://www.markaz.app/api/export/image/755-48-734380-product-3.webp?src=https%3A%2F%2Fstatic.markaz.app%2Fpakistan%2Fproducts%2F755-48-734380-product-3.webp,Remington Professional Hair Dryer D-6005,
remington-professional-hair-dryer-d-6005-mkz-734380,,,,,,,,,,,,,,,,,https://www.markaz.app/api/export/image/755-48-734380-product-4.webp?src=https%3A%2F%2Fstatic.markaz.app%2Fpakistan%2Fproducts%2F755-48-734380-product-4.webp,Remington Professional Hair Dryer D-6005,
remington-professional-hair-dryer-d-6005-mkz-734380,,,,,,,,,,,,,,,,,https://www.markaz.app/api/export/image/755-48-734380-product-5.webp?src=https%3A%2F%2Fstatic.markaz.app%2Fpakistan%2Fproducts%2F755-48-734380-product-5.webp,Remington Professional Hair Dryer D-6005,
remington-professional-hair-dryer-d-6005-mkz-734380,,,,,,,,,,,,,,,,,https://www.markaz.app/api/export/image/755-48-734380-product-6.webp?src=https%3A%2F%2Fstatic.markaz.app%2Fpakistan%2Fproducts%2F755-48-734380-product-6.webp,Remington Professional Hair Dryer D-6005,
remington-professional-hair-dryer-d-6005-mkz-734380,,,,,,,,,,,,,,,,,https://www.markaz.app/api/export/image/755-48-734380-product-7.webp?src=https%3A%2F%2Fstatic.markaz.app%2Fpakistan%2Fproducts%2F755-48-734380-product-7.webp,Remington Professional Hair Dryer D-6005,
remington-professional-hair-dryer-d-6005-mkz-734380,,,,,,,,,,,,,,,,,https://www.markaz.app/api/export/image/755-48-734380-product-8.webp?src=https%3A%2F%2Fstatic.markaz.app%2Fpakistan%2Fproducts%2F755-48-734380-product-8.webp,Remington Professional Hair Dryer D-6005,
